True_EF,Predicted_EF,Error
43.04,36.56735,-6.4726524
43.04,36.56735,-6.4726524
47.86,38.966103,-8.893898
47.86,38.966103,-8.893898
38.670002,24.678782,-13.99122
38.670002,24.678782,-13.99122
47.420002,36.28768,-11.13232
47.420002,36.28768,-11.13232
51.1,61.10491,10.004913
51.1,61.10491,10.004913
40.73,31.541967,-9.188032
40.73,31.541967,-9.188032
53.16,60.91391,7.75391
53.16,60.91391,7.75391
53.16,60.91391,7.75391
66.99,64.131134,-2.8588638
66.99,64.131134,-2.8588638
24.85,26.767746,1.9177456
24.85,26.767746,1.9177456
65.44,64.91774,-0.5222626
66.259995,64.18541,-2.074585
66.259995,64.18541,-2.074585
69.87,64.79214,-5.0778656
69.87,64.79214,-5.0778656
20.29,26.661665,6.371664
20.29,26.661665,6.371664
42.1,26.37274,-15.727259
42.1,26.37274,-15.727259
71.520004,64.61733,-6.902672
68.27,64.68596,-3.5840378
63.11,65.4877,2.3777008
63.11,65.4877,2.3777008
40.57,31.030396,-9.539604
40.57,31.030396,-9.539604
24.39,23.23264,-1.1573601
24.39,23.23264,-1.1573601
65.64,63.645275,-1.9947243
71.92,65.27458,-6.6454163
71.92,65.27458,-6.6454163
72.96,65.16815,-7.791847
53.16,57.9965,4.8364983
53.16,57.9965,4.8364983
53.16,57.9965,4.8364983
25.43,30.550457,5.1204567
25.43,30.550457,5.1204567
66.689995,64.39349,-2.2965012
66.689995,64.39349,-2.2965012
60.92,64.881325,3.9613266
60.92,64.881325,3.9613266
42.1,42.310917,0.21091843
42.1,42.310917,0.21091843
18.33,29.10451,10.774509
18.33,29.10451,10.774509
65.9,63.006546,-2.8934555
65.9,63.006546,-2.8934555
59.37,65.83771,6.4677086
59.37,65.83771,6.4677086
66.259995,64.33538,-1.924614
66.259995,64.33538,-1.924614
60.51,64.71523,4.2052345
60.51,64.71523,4.2052345
60.51,64.71523,4.2052345
60.51,65.03714,4.5271416
60.51,65.03714,4.5271416
60.51,65.03714,4.5271416
40.43,57.44239,17.01239
18.06,20.874128,2.8141289
18.06,20.874128,2.8141289
18.06,20.874128,2.8141289
67.189995,64.38698,-2.8030167
67.189995,64.38698,-2.8030167
69.8,64.84977,-4.9502335
55.089996,61.16206,6.0720634
55.089996,61.16206,6.0720634
65.42,64.59869,-0.82131195
65.42,64.59869,-0.82131195
68.83,64.73987,-4.0901337
68.83,64.73987,-4.0901337
48.859997,38.800156,-10.059841
35.0,36.89455,1.8945503
35.0,36.89455,1.8945503
53.16,63.801064,10.641064
53.16,63.801064,10.641064
53.16,63.801064,10.641064
58.16,65.023346,6.863346
18.33,26.498053,8.168053
18.33,26.498053,8.168053
25.39,20.73618,-4.65382
25.39,20.73618,-4.65382
72.5,65.4046,-7.095398
72.5,65.4046,-7.095398
63.200005,64.3033,1.1032944
43.8,24.081573,-19.718426
43.8,24.081573,-19.718426
43.8,24.081573,-19.718426
59.429996,64.949455,5.519459
59.429996,64.949455,5.519459
17.94,20.769258,2.829258
66.63,62.49345,-4.136547
66.63,62.49345,-4.136547
28.099998,37.473038,9.373039
42.1,47.560547,5.4605484
42.1,47.560547,5.4605484
33.98,38.074516,4.0945168
59.429996,65.17684,5.7468452
59.429996,65.17684,5.7468452
19.56,20.751575,1.191576
19.56,20.751575,1.191576
66.439995,65.85904,-0.5809555
64.5,65.97016,1.4701614
70.23,64.94302,-5.2869797
70.23,64.94302,-5.2869797
71.67,65.28123,-6.388771
71.67,65.28123,-6.388771
71.08,65.44012,-5.639885
71.04,65.5227,-5.5173035
71.04,65.5227,-5.5173035
27.7,34.509735,6.8097343
27.7,34.509735,6.8097343
64.72,64.507675,-0.21232605
64.72,64.507675,-0.21232605
66.99,65.23474,-1.7552567
66.99,65.23474,-1.7552567
67.78,65.100105,-2.6798935
71.37,66.028824,-5.341179
71.37,66.028824,-5.341179
66.909996,65.42226,-1.4877396
66.909996,65.42226,-1.4877396
57.36,65.521645,8.161644
57.36,65.521645,8.161644
65.71,65.02017,-0.68982697
29.23,26.217247,-3.0127525
66.63,64.64979,-1.9802094
66.63,64.64979,-1.9802094
70.1,65.03076,-5.0692368
70.1,65.03076,-5.0692368
25.43,21.75686,-3.6731396
25.43,21.75686,-3.6731396
28.52,29.41585,0.8958492
28.52,29.41585,0.8958492
65.29,65.35961,0.069610596
65.5,62.486736,-3.0132637
65.5,62.486736,-3.0132637
67.479996,65.25515,-2.224846
65.9,64.016815,-1.8831863
65.9,64.016815,-1.8831863
47.1,39.113953,-7.986046
47.1,39.113953,-7.986046
30.64,29.581312,-1.0586872
30.64,29.581312,-1.0586872
64.04,62.59873,-1.4412727
64.04,62.59873,-1.4412727
31.75,22.949726,-8.800274
62.11,65.57378,3.4637756
66.189995,64.35384,-1.8361511
66.189995,64.35384,-1.8361511
71.67,65.84592,-5.8240814
71.67,65.84592,-5.8240814
29.929998,23.936134,-5.993864
19.769999,20.764729,0.99473
19.769999,20.764729,0.99473
50.36,64.30227,13.942268
50.36,64.30227,13.942268
40.03,34.004375,-6.0256233
26.65,20.861742,-5.7882576
24.02,33.785862,9.7658615
68.15,60.924103,-7.2258987
68.15,60.924103,-7.2258987
71.11,65.38534,-5.724663
70.23,65.94184,-4.288162
70.23,65.94184,-4.288162
68.59,64.94768,-3.6423187
68.59,64.94768,-3.6423187
67.189995,64.40009,-2.7899017
67.189995,64.40009,-2.7899017
40.57,38.955345,-1.6146545
40.57,38.955345,-1.6146545
68.24,62.347786,-5.892212
68.24,62.347786,-5.892212
67.45,64.62534,-2.8246536
65.75,65.278755,-0.4712448
65.75,65.278755,-0.4712448
46.219997,45.23863,-0.981369
46.219997,45.23863,-0.981369
46.219997,45.23863,-0.981369
4.07,20.73285,16.66285
60.989998,65.1078,4.1178055
63.090004,64.50752,1.4175186
70.740005,64.349495,-6.3905106
65.42,62.57494,-2.8450584
65.42,62.57494,-2.8450584
34.57,31.679455,-2.890545
34.57,31.679455,-2.890545
72.46,64.68855,-7.771446
68.15,63.77234,-4.3776627
68.15,63.77234,-4.3776627
29.269999,27.506617,-1.763382
29.269999,27.506617,-1.763382
68.83,64.63747,-4.1925354
68.83,64.63747,-4.1925354
25.98,21.981508,-3.9984913
61.510002,64.700226,3.1902237
67.659996,65.57858,-2.0814133
67.659996,65.57858,-2.0814133
29.269999,26.719084,-2.5509148
29.269999,26.719084,-2.5509148
47.420002,42.047626,-5.3723755
47.420002,42.047626,-5.3723755
68.65,65.71921,-2.9307938
70.08,65.034935,-5.045067
38.670002,28.1567,-10.513302
38.670002,28.1567,-10.513302
15.57,20.775887,5.205887
39.809998,38.43783,-1.3721657
39.809998,38.43783,-1.3721657
64.04,65.11456,1.0745621
64.04,65.11456,1.0745621
64.72,64.71893,-0.0010681152
64.72,64.71893,-0.0010681152
70.990005,64.94668,-6.0433273
70.990005,64.94668,-6.0433273
46.219997,62.30592,16.085922
46.219997,62.30592,16.085922
46.219997,62.30592,16.085922
66.689995,64.05211,-2.637886
66.689995,64.05211,-2.637886
49.23,46.494045,-2.7359543
49.23,46.494045,-2.7359543
24.85,20.677326,-4.172674
24.85,20.677326,-4.172674
72.67,64.932465,-7.7375336
47.1,34.868042,-12.2319565
47.1,34.868042,-12.2319565
68.24,64.50946,-3.7305374
68.24,64.50946,-3.7305374
61.03,64.922775,3.8927765
61.03,64.922775,3.8927765
68.59,65.56393,-3.0260696
68.59,65.56393,-3.0260696
15.2,20.728273,5.5282736
60.91,64.32785,3.4178505
60.36,64.936554,4.5765533
60.36,64.936554,4.5765533
70.880005,65.864685,-5.01532
60.88,65.52643,4.646427
51.74,59.69675,7.956749
51.74,59.69675,7.956749
63.11,62.861748,-0.24825287
63.11,62.861748,-0.24825287
29.37,33.538548,4.1685467
40.73,54.154755,13.424755
40.73,54.154755,13.424755
71.37,63.64369,-7.7263145
71.37,63.64369,-7.7263145
20.29,23.079376,2.7893753
20.29,23.079376,2.7893753
65.020004,65.389824,0.36981964
65.020004,65.389824,0.36981964
19.380001,20.747105,1.3671036
51.1,50.965023,-0.13497543
51.1,50.965023,-0.13497543
11.89,20.696802,8.806802
11.89,20.696802,8.806802
67.86,64.682594,-3.1774063
20.45,20.737055,0.28705406
20.45,20.737055,0.28705406
35.0,36.518852,1.5188522
35.0,36.518852,1.5188522
67.29,64.87787,-2.4121323
25.39,20.73971,-4.6502895
25.39,20.73971,-4.6502895
71.04,64.3978,-6.6422043
71.04,64.3978,-6.6422043
60.92,65.04792,4.127922
60.92,65.04792,4.127922
17.78,20.775454,2.995453
50.36,64.360466,14.000465
50.36,64.360466,14.000465
70.1,63.82368,-6.2763176
70.1,63.82368,-6.2763176
34.43,37.102108,2.6721077
34.43,37.102108,2.6721077
66.649994,64.79267,-1.8573227
68.33,65.976974,-2.3530273
68.33,65.976974,-2.3530273
43.8,30.377573,-13.422426
43.8,30.377573,-13.422426
43.8,30.377573,-13.422426
65.380005,64.92731,-0.45269775
69.87,64.773,-5.097
69.87,64.773,-5.097
71.240005,64.97379,-6.2662125
47.83,40.96138,-6.868622
47.83,40.96138,-6.868622
62.370003,62.954735,0.58473206
62.370003,62.954735,0.58473206
63.260002,64.89818,1.638176
63.260002,64.89818,1.638176
18.06,20.833225,2.7732258
18.06,20.833225,2.7732258
18.06,20.833225,2.7732258
61.03,65.27959,4.249588
61.03,65.27959,4.249588
34.43,38.673904,4.243904
34.43,38.673904,4.243904
71.92,64.95669,-6.9633102
71.92,64.95669,-6.9633102
57.620003,64.78867,7.1686707
39.809998,45.17574,5.3657417
39.809998,45.17574,5.3657417
32.74,36.97599,4.2359886
32.74,36.97599,4.2359886
32.74,31.064552,-1.6754494
32.74,31.064552,-1.6754494
63.85,65.04537,1.1953735
43.8,24.91924,-18.880758
43.8,24.91924,-18.880758
43.8,24.91924,-18.880758
60.51,64.31685,3.8068504
60.51,64.31685,3.8068504
60.51,64.31685,3.8068504
48.08,32.40086,-15.679142
48.08,32.40086,-15.679142
48.08,32.40086,-15.679142
65.33,65.44466,0.11465454
65.33,65.44466,0.11465454
63.260002,64.59249,1.332489
63.260002,64.59249,1.332489
11.89,25.2978,13.4078
11.89,25.2978,13.4078
19.769999,20.724943,0.9549446
19.769999,20.724943,0.9549446
51.74,60.82129,9.081287
51.74,60.82129,9.081287
65.62,64.59926,-1.0207443
60.039997,64.177376,4.1373787
60.039997,64.177376,4.1373787
65.75,65.03091,-0.7190933
65.75,65.03091,-0.7190933
27.7,24.972456,-2.7275448
27.7,24.972456,-2.7275448
51.020004,51.20146,0.18145752
67.92,64.96586,-2.9541397
24.39,28.509119,4.1191196
24.39,28.509119,4.1191196
68.33,64.420715,-3.9092865
68.33,64.420715,-3.9092865
66.59,63.855618,-2.7343788
42.1,45.6359,3.5359
42.1,45.6359,3.5359
21.6,20.762112,-0.8378887
21.6,20.762112,-0.8378887
48.08,32.26457,-15.8154335
48.08,32.26457,-15.8154335
48.08,32.26457,-15.8154335
57.36,65.12316,7.7631607
57.36,65.12316,7.7631607
48.08,23.92156,-24.158442
48.08,23.92156,-24.158442
48.08,23.92156,-24.158442
30.64,23.837086,-6.8029137
30.64,23.837086,-6.8029137
27.880001,41.28958,13.40958
60.36,64.475266,4.115265
60.36,64.475266,4.115265
65.5,65.74533,0.24533081
65.5,65.74533,0.24533081
20.45,20.74359,0.29358864
20.45,20.74359,0.29358864
65.020004,64.66454,-0.35546112
65.020004,64.66454,-0.35546112
34.57,43.422573,8.852573
34.57,43.422573,8.852573
72.5,65.24232,-7.257683
72.5,65.24232,-7.257683
47.83,42.70028,-5.1297226
47.83,42.70028,-5.1297226
66.909996,64.89302,-2.0169754
66.909996,64.89302,-2.0169754
70.990005,65.39565,-5.5943527
70.990005,65.39565,-5.5943527
67.659996,64.69553,-2.9644623
67.659996,64.69553,-2.9644623
46.219997,63.506935,17.286938
46.219997,63.506935,17.286938
46.219997,63.506935,17.286938
42.06,44.89795,2.8379478
18.06,20.719948,2.6599483
18.06,20.719948,2.6599483
18.06,20.719948,2.6599483
43.71,43.24787,-0.4621277
28.52,20.729399,-7.7906017
28.52,20.729399,-7.7906017
32.89,44.51758,11.627579
19.56,23.483055,3.9230556
19.56,23.483055,3.9230556
43.04,38.78868,-4.25132
43.04,38.78868,-4.25132
17.18,28.352188,11.172188
19.27,24.625463,5.355463
19.27,24.625463,5.355463
59.399998,65.37606,5.976063
59.399998,65.37606,5.976063
19.27,23.073137,3.8031368
19.27,23.073137,3.8031368
59.37,64.180504,4.810505
59.37,64.180504,4.810505
55.089996,62.72833,7.6383324
55.089996,62.72833,7.6383324
66.189995,64.497444,-1.6925507
66.189995,64.497444,-1.6925507
62.370003,64.80368,2.4336777
62.370003,64.80368,2.4336777
65.33,63.83895,-1.4910507
65.33,63.83895,-1.4910507
47.86,42.47192,-5.3880806
47.86,42.47192,-5.3880806
64.05,63.288456,-0.7615471
59.399998,64.01316,4.613163
59.399998,64.01316,4.613163
21.6,24.982601,3.3826008
21.6,24.982601,3.3826008
18.38,20.796658,2.4166584
49.23,38.304077,-10.925922
49.23,38.304077,-10.925922
60.039997,65.53561,5.4956093
60.039997,65.53561,5.4956093
71.65,64.90698,-6.743019
49.37,64.59004,15.220043
49.37,64.59004,15.220043
49.37,64.59004,15.220043
67.85,63.689964,-4.160034
67.85,63.689964,-4.160034
71.93,64.274734,-7.655266
71.93,64.274734,-7.655266
60.070004,65.08667,5.0166664
64.950005,65.38479,0.43478394
48.260002,40.773167,-7.4868355
63.25,63.54421,0.29420853
63.25,63.54421,0.29420853
59.829998,64.22177,4.391773
59.829998,64.22177,4.391773
72.25,65.17521,-7.074791
53.460003,61.43027,7.9702682
53.460003,61.43027,7.9702682
59.899998,64.59087,4.690876
59.899998,64.59087,4.690876
61.489998,62.94331,1.4533119
61.489998,62.94331,1.4533119
66.659996,64.7113,-1.9486923
16.44,25.31437,8.874369
16.44,25.31437,8.874369
67.99,63.776337,-4.213661
67.99,63.776337,-4.213661
69.81,63.891727,-5.91827
47.72,36.128803,-11.591198
61.510002,63.90257,2.3925667
61.510002,63.90257,2.3925667
41.940002,36.815243,-5.1247597
41.940002,36.815243,-5.1247597
41.940002,36.815243,-5.1247597
68.76,63.831604,-4.928398
48.66,58.1129,9.4529
48.66,58.1129,9.4529
67.13,64.32168,-2.808319
67.13,64.32168,-2.808319
66.34,64.224884,-2.1151123
61.75,64.99306,3.2430573
61.75,64.99306,3.2430573
61.47,63.790154,2.3201523
65.0,65.40213,0.40213013
65.0,65.40213,0.40213013
62.07,64.30126,2.2312622
62.07,64.30126,2.2312622
66.369995,62.834984,-3.5350113
66.369995,62.834984,-3.5350113
60.19,63.13911,2.949112
60.19,63.13911,2.949112
69.11,65.61038,-3.4996185
69.11,65.61038,-3.4996185
52.719997,44.230564,-8.489433
52.719997,44.230564,-8.489433
70.4,63.98881,-6.41119
70.4,63.98881,-6.41119
61.489998,64.65873,3.1687317
61.489998,64.65873,3.1687317
55.92,59.41152,3.49152
55.92,59.41152,3.49152
55.92,59.41152,3.49152
62.71,64.08117,1.37117
62.71,64.08117,1.37117
63.380005,64.99035,1.6103439
63.380005,64.99035,1.6103439
62.28,63.87914,1.5991402
62.28,63.87914,1.5991402
60.78,64.389,3.6090012
60.78,64.389,3.6090012
68.59,64.75575,-3.8342438
69.11,65.204414,-3.9055862
69.11,65.204414,-3.9055862
69.22,64.18107,-5.038933
69.22,64.18107,-5.038933
71.54,65.02458,-6.515419
64.58,63.57656,-1.0034409
64.58,63.57656,-1.0034409
65.0,64.75292,-0.24707794
65.0,64.75292,-0.24707794
69.64,64.60545,-5.034546
49.37,61.26731,11.897312
49.37,61.26731,11.897312
49.37,61.26731,11.897312
7.0200005,60.468727,53.448727
7.0200005,60.468727,53.448727
71.03001,63.919933,-7.110073
71.03001,63.919933,-7.110073
70.89,64.35166,-6.5383377
70.89,64.35166,-6.5383377
23.19,20.291107,-2.8988934
63.83,63.4427,-0.3873024
63.83,63.4427,-0.3873024
64.64,63.98557,-0.6544304
60.65,64.718544,4.0685425
60.65,64.718544,4.0685425
67.06,64.73791,-2.3220901
67.06,64.73791,-2.3220901
55.92,62.40155,6.481552
55.92,62.40155,6.481552
55.92,62.40155,6.481552
45.59,40.811596,-4.778404
45.59,40.811596,-4.778404
60.65,64.123955,3.4739532
60.65,64.123955,3.4739532
69.93,64.32661,-5.6033936
69.93,64.32661,-5.6033936
63.64,65.288376,1.6483765
63.64,65.288376,1.6483765
65.83,64.674675,-1.1553268
61.25,64.588905,3.3389053
61.25,64.588905,3.3389053
71.93,64.45348,-7.4765167
71.93,64.45348,-7.4765167
60.78,60.650272,-0.12972641
60.78,60.650272,-0.12972641
63.17,61.574543,-1.5954552
63.17,61.574543,-1.5954552
59.789997,64.436844,4.646847
64.12,64.373955,0.25395203
64.97,65.05512,0.085121155
64.97,65.05512,0.085121155
32.71,30.79435,-1.9156494
60.89,64.24425,3.354248
60.89,64.24425,3.354248
44.65,43.477364,-1.1726379
44.65,43.477364,-1.1726379
57.11,65.01591,7.9059067
57.11,65.01591,7.9059067
57.200005,65.08715,7.887146
44.65,31.359804,-13.290197
44.65,31.359804,-13.290197
64.69,63.882668,-0.8073349
64.69,63.882668,-0.8073349
66.24,64.623,-1.6169968
51.41,60.717064,9.307064
64.920006,64.58488,-0.33512878
64.920006,64.58488,-0.33512878
63.660004,63.536922,-0.12308121
61.75,64.97962,3.229622
61.75,64.97962,3.229622
62.71,64.61395,1.9039536
62.71,64.61395,1.9039536
61.86,64.5172,2.657196
61.86,64.5172,2.657196
60.89,64.14065,3.2506485
60.89,64.14065,3.2506485
59.02,64.95382,5.933819
59.02,64.95382,5.933819
56.339996,59.422146,3.0821495
56.339996,59.422146,3.0821495
64.69,62.88982,-1.8001823
64.69,62.88982,-1.8001823
70.53,64.638336,-5.8916626
70.53,64.638336,-5.8916626
60.210003,64.548546,4.338543
23.85,26.375338,2.5253372
23.85,26.375338,2.5253372
63.33,64.11974,0.7897415
57.18,63.923027,6.7430267
57.18,63.923027,6.7430267
60.79,61.52865,0.73864746
60.79,61.52865,0.73864746
71.340004,61.50708,-9.832924
71.340004,61.50708,-9.832924
55.800003,63.441826,7.641823
55.800003,63.441826,7.641823
65.66,64.22612,-1.4338837
41.49,31.785637,-9.704365
41.49,31.785637,-9.704365
60.97,63.834835,2.8648338
60.54,63.17446,2.6344604
67.06,64.357155,-2.7028427
67.06,64.357155,-2.7028427
67.22,62.627666,-4.5923347
43.69,33.97332,-9.716679
43.69,33.97332,-9.716679
65.83,64.62173,-1.2082748
65.83,64.62173,-1.2082748
23.85,29.125914,5.2759132
23.85,29.125914,5.2759132
64.920006,64.16754,-0.7524643
64.920006,64.16754,-0.7524643
61.510002,63.975536,2.4655342
61.510002,63.975536,2.4655342
60.78,63.65157,2.8715706
60.78,63.65157,2.8715706
59.02,63.102394,4.0823936
59.02,63.102394,4.0823936
55.92,60.761284,4.8412857
55.92,60.761284,4.8412857
55.92,60.761284,4.8412857
54.66,65.2447,10.584698
64.130005,64.24896,0.11895752
64.130005,64.24896,0.11895752
69.93,64.89372,-5.036278
69.93,64.89372,-5.036278
69.55,62.87607,-6.673935
69.55,62.87607,-6.673935
24.04,28.24192,4.2019196
24.04,28.24192,4.2019196
60.250004,63.94686,3.6968575
71.54,64.94009,-6.5999146
38.45,47.77311,9.323109
60.78,64.96492,4.1849213
60.78,64.96492,4.1849213
63.020004,63.620228,0.60022354
63.020004,63.620228,0.60022354
44.760002,35.92074,-8.839264
44.760002,35.92074,-8.839264
63.82,63.2327,-0.58729935
62.0,64.40971,2.4097137
45.59,35.657734,-9.932266
45.59,35.657734,-9.932266
67.99,64.51727,-3.472725
67.99,64.51727,-3.472725
66.04,64.57702,-1.4629822
26.56,30.933315,4.373316
26.56,30.933315,4.373316
40.55,50.500114,9.950115
67.009995,64.341965,-2.6680298
63.25,63.201912,-0.048088074
63.25,63.201912,-0.048088074
63.89,64.27276,0.3827591
63.89,64.27276,0.3827591
62.870003,64.79036,1.9203568
27.36,35.291073,7.931072
27.36,35.291073,7.931072
69.55,63.54366,-6.006344
69.55,63.54366,-6.006344
65.51,62.74844,-2.7615623
65.51,62.74844,-2.7615623
57.18,64.83528,7.655281
57.18,64.83528,7.655281
63.800003,65.29494,1.4949341
63.800003,65.29494,1.4949341
59.780003,63.4742,3.6941986
60.219997,63.535645,3.3156471
41.3,32.09838,-9.201618
41.3,32.09838,-9.201618
63.07,60.170494,-2.8995056
63.07,60.170494,-2.8995056
63.89,64.77044,0.88043976
63.89,64.77044,0.88043976
63.690002,64.38098,0.690979
63.690002,64.38098,0.690979
66.27,64.01064,-2.2593536
69.65,64.85121,-4.79879
69.65,64.85121,-4.79879
60.19,61.62275,1.4327507
60.19,61.62275,1.4327507
63.020004,63.397034,0.37702942
63.020004,63.397034,0.37702942
63.239998,61.36564,-1.8743591
52.719997,50.03413,-2.6858673
52.719997,50.03413,-2.6858673
65.76,64.07794,-1.6820602
65.76,64.07794,-1.6820602
65.51,63.246853,-2.2631493
65.51,63.246853,-2.2631493
67.81,64.675385,-3.134613
70.53,64.72595,-5.8040466
70.53,64.72595,-5.8040466
65.83,62.15359,-3.6764107
65.83,62.15359,-3.6764107
65.25,63.526802,-1.7231979
71.84,64.25215,-7.587845
59.38,64.9811,5.601101
64.69,63.92665,-0.76335144
64.69,63.92665,-0.76335144
70.93,62.914307,-8.015694
70.93,62.914307,-8.015694
59.829998,64.69003,4.860035
59.829998,64.69003,4.860035
56.1,60.420654,4.320656
56.1,60.420654,4.320656
60.63,64.30943,3.679432
41.49,37.560333,-3.9296684
41.49,37.560333,-3.9296684
60.110004,64.400185,4.29018
64.97,64.39304,-0.5769577
64.97,64.39304,-0.5769577
68.31,62.58108,-5.728916
66.25,65.13972,-1.1102829
70.490005,64.044464,-6.4455414
48.66,39.15304,-9.506958
48.66,39.15304,-9.506958
63.64,64.5649,0.92490387
63.64,64.5649,0.92490387
43.69,35.13041,-8.559589
43.69,35.13041,-8.559589
70.4,64.472946,-5.9270554
70.4,64.472946,-5.9270554
51.99,61.02097,9.030968
68.0,64.584785,-3.4152145
69.65,64.98651,-4.6634903
69.65,64.98651,-4.6634903
57.11,60.188557,3.078556
57.11,60.188557,3.078556
59.76,63.350166,3.590168
59.76,63.350166,3.590168
65.71,64.1705,-1.5394974
65.71,64.1705,-1.5394974
72.43,64.977135,-7.4528656
24.04,34.351303,10.311302
24.04,34.351303,10.311302
57.050003,63.765823,6.7158203
53.100002,61.630737,8.530735
53.100002,61.630737,8.530735
71.03001,64.526436,-6.5035706
71.03001,64.526436,-6.5035706
61.25,63.974583,2.7245827
61.25,63.974583,2.7245827
65.08,64.607475,-0.47252655
68.09,64.019325,-4.070671
19.380001,19.839413,0.45941162
64.130005,64.455894,0.3258896
64.130005,64.455894,0.3258896
65.71,64.80488,-0.90512085
65.71,64.80488,-0.90512085
67.85,64.73276,-3.117241
67.85,64.73276,-3.117241
63.17,63.00974,-0.16025925
63.17,63.00974,-0.16025925
64.69,65.12657,0.4365692
64.69,65.12657,0.4365692
66.2,64.33516,-1.8648376
66.2,64.33516,-1.8648376
71.340004,65.571686,-5.768318
71.340004,65.571686,-5.768318
70.78,65.06176,-5.718239
66.369995,65.05037,-1.3196259
66.369995,65.05037,-1.3196259
72.02,62.76012,-9.259876
56.1,64.380104,8.280106
56.1,64.380104,8.280106
66.42,64.57859,-1.8414078
66.42,64.57859,-1.8414078
26.56,29.858953,3.298954
26.56,29.858953,3.298954
41.940002,36.293526,-5.6464767
41.940002,36.293526,-5.6464767
41.940002,36.293526,-5.6464767
62.28,64.36207,2.0820694
62.28,64.36207,2.0820694
65.100006,64.14567,-0.9543381
59.76,63.5297,3.769703
59.76,63.5297,3.769703
63.690002,65.03752,1.3475189
63.690002,65.03752,1.3475189
41.940002,52.521103,10.5811
41.940002,52.521103,10.5811
41.940002,52.521103,10.5811
64.58,64.56152,-0.018478394
64.58,64.56152,-0.018478394
65.130005,64.71956,-0.41044617
61.05,63.77342,2.7234192
66.79,65.34789,-1.4421082
57.9,61.554634,3.6546326
66.2,64.69342,-1.5065765
66.2,64.69342,-1.5065765
64.770004,64.86423,0.09422302
64.770004,64.86423,0.09422302
63.07,60.30093,-2.7690697
63.07,60.30093,-2.7690697
7.0200005,26.865807,19.845806
7.0200005,26.865807,19.845806
63.83,58.686626,-5.1433754
63.83,58.686626,-5.1433754
67.13,64.52186,-2.608139
67.13,64.52186,-2.608139
66.42,63.26293,-3.1570663
66.42,63.26293,-3.1570663
53.460003,58.37305,4.913048
53.460003,58.37305,4.913048
63.800003,64.03814,0.23813629
63.800003,64.03814,0.23813629
65.76,64.05725,-1.7027512
65.76,64.05725,-1.7027512
70.93,64.06666,-6.8633423
70.93,64.06666,-6.8633423
62.28,64.679665,2.3996658
62.28,64.679665,2.3996658
62.07,64.52144,2.451439
62.07,64.52144,2.451439
16.44,26.427143,9.987143
16.44,26.427143,9.987143
53.100002,63.53795,10.437946
53.100002,63.53795,10.437946
49.37,63.649933,14.279934
49.37,63.649933,14.279934
49.37,63.649933,14.279934
71.65,64.69132,-6.958679
70.89,64.24911,-6.640892
70.89,64.24911,-6.640892
63.380005,63.654922,0.2749176
63.380005,63.654922,0.2749176
56.339996,61.28128,4.941284
56.339996,61.28128,4.941284
50.14,59.074497,8.934498
50.14,59.074497,8.934498
44.760002,39.37537,-5.384632
44.760002,39.37537,-5.384632
41.3,29.340208,-11.959791
41.3,29.340208,-11.959791
60.12,57.451355,-2.668644
64.770004,64.686134,-0.083869934
64.770004,64.686134,-0.083869934
62.28,63.102364,0.8223648
62.28,63.102364,0.8223648
59.899998,63.009308,3.1093102
59.899998,63.009308,3.1093102
50.14,62.74555,12.605549
50.14,62.74555,12.605549
55.800003,64.69501,8.895004
55.800003,64.69501,8.895004
61.86,63.99198,2.131981
61.86,63.99198,2.131981
61.35,59.3565,-1.9934998
27.36,32.349445,4.9894447
27.36,32.349445,4.9894447
60.79,64.508835,3.718834
60.79,64.508835,3.718834
64.87,64.87761,0.0076065063
69.22,63.081963,-6.1380386
69.22,63.081963,-6.1380386
62.059998,64.19537,2.135376
67.2,63.93615,-3.2638474
62.699997,65.21992,2.5199203
72.93,63.73254,-9.19746
66.229996,63.441444,-2.7885513
71.979996,63.62951,-8.350487
71.979996,63.62951,-8.350487
63.58,62.699318,-0.8806839
63.58,62.699318,-0.8806839
62.18,64.020035,1.8400345
62.18,64.020035,1.8400345
61.760002,62.134235,0.37423325
61.760002,62.134235,0.37423325
68.85,63.97544,-4.8745575
68.85,63.97544,-4.8745575
58.350002,60.34108,1.9910774
58.350002,60.34108,1.9910774
58.350002,60.34108,1.9910774
34.75,29.376379,-5.373621
34.75,29.376379,-5.373621
65.36,63.469185,-1.8908157
65.36,63.469185,-1.8908157
63.58,62.464977,-1.1150246
63.58,62.464977,-1.1150246
49.64,48.22056,-1.4194412
49.64,48.22056,-1.4194412
67.07,62.56196,-4.5080414
67.07,62.56196,-4.5080414
63.83,64.04322,0.21321869
65.8,62.436188,-3.3638153
65.8,62.436188,-3.3638153
65.36,63.00267,-2.3573303
65.36,63.00267,-2.3573303
34.75,31.712294,-3.0377064
34.75,31.712294,-3.0377064
36.97,34.95676,-2.0132408
60.110004,63.382786,3.2727814
60.110004,63.382786,3.2727814
56.199997,58.783688,2.5836906
58.04,62.145287,4.1052856
58.04,62.145287,4.1052856
66.52,62.012226,-4.5077705
54.04,58.69717,4.6571693
61.760002,61.98707,0.22706604
61.760002,61.98707,0.22706604
63.95,63.276558,-0.67344284
58.350002,60.378437,2.0284348
58.350002,60.378437,2.0284348
58.350002,60.378437,2.0284348
53.3,60.072727,6.772728
53.3,60.072727,6.772728
58.04,63.608242,5.568241
58.04,63.608242,5.568241
70.76,63.74906,-7.0109406
65.48,62.63363,-2.8463745
60.27,62.816883,2.5468826
38.530003,30.629477,-7.900526
38.530003,30.629477,-7.900526
67.07,61.767624,-5.302376
67.07,61.767624,-5.302376
64.0,62.393993,-1.6060066
62.18,63.4069,1.2268982
62.18,63.4069,1.2268982
53.3,62.27738,8.977383
53.3,62.27738,8.977383
69.880005,63.954163,-5.9258423
38.530003,34.42739,-4.1026115
38.530003,34.42739,-4.1026115
60.110004,60.030586,-0.07941818
60.110004,60.030586,-0.07941818
49.64,31.495554,-18.144445
49.64,31.495554,-18.144445
65.8,61.72478,-4.075222
65.8,61.72478,-4.075222
58.350002,62.890182,4.54018
58.350002,62.890182,4.54018
58.350002,62.890182,4.54018
71.979996,63.270767,-8.7092285
71.979996,63.270767,-8.7092285
68.85,64.03776,-4.8122406
68.85,64.03776,-4.8122406
61.589996,64.83485,3.2448502
61.589996,64.83485,3.2448502
67.85,64.840614,-3.0093842
67.85,64.840614,-3.0093842
61.11,65.22118,4.111183
61.11,65.22118,4.111183
31.77,37.25883,5.4888306
31.77,37.25883,5.4888306
55.620003,59.35566,3.7356567
55.620003,59.35566,3.7356567
66.409996,63.039745,-3.3702507
71.100006,64.844604,-6.2554016
71.100006,64.844604,-6.2554016
67.369995,64.69695,-2.6730423
61.02,64.43608,3.4160805
70.36,65.38446,-4.97554
70.36,65.38446,-4.97554
70.36,65.38446,-4.97554
59.170002,64.63658,5.4665794
61.07,63.240498,2.170498
66.39,61.87972,-4.5102806
59.98,62.444965,2.4649658
52.44,55.84136,3.4013596
52.44,55.84136,3.4013596
61.36,64.789314,3.4293137
61.36,64.789314,3.4293137
64.520004,62.613087,-1.9069176
38.34,61.380333,23.040333
38.34,61.380333,23.040333
70.200005,65.15476,-5.0452423
65.240005,62.18344,-3.0565643
65.240005,62.18344,-3.0565643
65.240005,62.18344,-3.0565643
63.47,65.56078,2.0907822
63.47,65.56078,2.0907822
17.84,30.175098,12.335098
17.84,30.175098,12.335098
63.590004,65.47771,1.887703
63.590004,65.47771,1.887703
67.29,65.60987,-1.68013
62.68,63.758106,1.0781059
62.68,63.758106,1.0781059
64.51,63.64709,-0.8629112
64.51,63.64709,-0.8629112
62.699997,64.04388,1.3438797
62.699997,64.04388,1.3438797
61.449997,62.080235,0.6302376
61.449997,62.080235,0.6302376
60.8,60.99238,0.192379
60.8,60.99238,0.192379
52.999996,60.486763,7.486767
52.999996,60.486763,7.486767
29.289999,29.796991,0.50699234
60.66,65.040276,4.3802757
60.66,65.040276,4.3802757
66.259995,65.09828,-1.1617126
66.259995,65.09828,-1.1617126
70.36,65.38183,-4.9781723
70.36,65.38183,-4.9781723
70.36,65.38183,-4.9781723
33.629997,45.04421,11.414211
33.629997,45.04421,11.414211
46.219997,56.003666,9.7836685
46.219997,56.003666,9.7836685
71.590004,64.35123,-7.238777
71.590004,64.35123,-7.238777
66.99,64.63681,-2.3531876
66.99,64.63681,-2.3531876
66.659996,65.2413,-1.4186935
66.659996,65.2413,-1.4186935
49.079998,30.61223,-18.467768
49.079998,30.61223,-18.467768
62.33,63.9238,1.5937996
62.33,63.9238,1.5937996
45.2,37.94884,-7.2511597
45.2,37.94884,-7.2511597
63.96,64.25383,0.29383087
63.96,64.25383,0.29383087
39.85,39.356964,-0.49303436
39.85,39.356964,-0.49303436
65.19,59.747105,-5.442898
64.07,64.540276,0.47027588
64.07,64.540276,0.47027588
65.4,63.34179,-2.0582123
63.53,63.169514,-0.36048508
63.53,63.169514,-0.36048508
18.099998,20.760996,2.6609974
18.099998,20.760996,2.6609974
18.099998,20.760996,2.6609974
18.099998,20.760996,2.6609974
61.96,63.629986,1.6699867
64.96001,64.463524,-0.49648285
70.630005,63.17853,-7.451473
70.630005,63.17853,-7.451473
63.63,64.30884,0.6788368
63.63,64.30884,0.6788368
64.0,64.2265,0.22650146
64.560005,64.75325,0.19324493
64.560005,64.75325,0.19324493
64.54,63.439053,-1.1009483
64.54,63.439053,-1.1009483
60.51,64.763725,4.253727
60.51,64.763725,4.253727
64.310005,62.305077,-2.0049286
64.310005,62.305077,-2.0049286
60.829998,65.50808,4.6780815
60.829998,65.50808,4.6780815
62.120003,64.171776,2.051773
62.120003,64.171776,2.051773
51.64,60.447323,8.807323
51.64,60.447323,8.807323
64.450005,63.316135,-1.1338692
64.450005,63.316135,-1.1338692
72.21,63.68078,-8.529221
72.21,63.68078,-8.529221
63.81,65.206635,1.3966331
63.81,65.206635,1.3966331
63.81,65.206635,1.3966331
67.71,64.107574,-3.6024246
66.399994,65.32067,-1.0793228
66.399994,65.32067,-1.0793228
67.46,64.51578,-2.9442215
67.46,64.51578,-2.9442215
56.699997,58.864647,2.16465
56.699997,58.864647,2.16465
66.54,64.84405,-1.6959534
60.78,65.52735,4.7473526
60.78,65.52735,4.7473526
63.39,63.935894,0.5458946
63.39,63.935894,0.5458946
18.24,20.929441,2.6894417
18.24,20.929441,2.6894417
29.63,26.900438,-2.7295609
29.63,26.900438,-2.7295609
62.120003,65.39174,3.2717361
62.120003,65.39174,3.2717361
18.099998,20.680983,2.580984
18.099998,20.680983,2.580984
18.099998,20.680983,2.580984
18.099998,20.680983,2.580984
68.36,64.62034,-3.7396622
68.36,64.62034,-3.7396622
36.51,38.016083,1.5060844
54.22,60.79928,6.579277
54.22,60.79928,6.579277
38.34,36.086243,-2.2537575
38.34,36.086243,-2.2537575
66.329994,64.34401,-1.9859848
66.329994,64.34401,-1.9859848
69.1,64.91206,-4.187935
65.729996,64.440796,-1.2891998
65.729996,64.440796,-1.2891998
50.96,61.340313,10.380314
50.96,61.340313,10.380314
62.64,64.61565,1.975647
62.21,64.61809,2.4080887
62.21,64.61809,2.4080887
55.909996,64.44455,8.534554
55.909996,64.44455,8.534554
20.29,20.851269,0.56126785
20.29,20.851269,0.56126785
64.57,64.33216,-0.23783875
67.079994,65.57427,-1.505722
67.079994,65.57427,-1.505722
66.34,65.37497,-0.96502686
66.34,65.37497,-0.96502686
61.36,62.391163,1.0311623
61.36,62.391163,1.0311623
57.120003,63.294064,6.174061
57.120003,63.294064,6.174061
59.8,61.023254,1.2232552
67.45,64.27009,-3.1799088
63.39,64.38976,0.9997635
63.39,64.38976,0.9997635
65.74,64.50502,-1.2349777
60.530003,63.456173,2.9261703
60.530003,63.456173,2.9261703
67.02,62.299717,-4.7202797
67.02,62.299717,-4.7202797
64.19,63.55033,-0.6396713
64.19,63.55033,-0.6396713
70.1,64.89478,-5.2052155
70.1,64.89478,-5.2052155
64.19,63.89128,-0.2987213
64.19,63.89128,-0.2987213
67.409996,62.70652,-4.703476
61.909996,62.883575,0.9735794
61.909996,62.883575,0.9735794
30.779999,20.745922,-10.034077
30.779999,20.745922,-10.034077
59.52,58.99322,-0.5267792
67.84,64.1933,-3.646698
63.489998,64.63511,1.1451111
63.489998,64.63511,1.1451111
60.829998,64.06176,3.231762
60.829998,64.06176,3.231762
61.870003,63.87419,2.0041885
63.96,64.247345,0.2873459
63.96,64.247345,0.2873459
63.410004,64.11224,0.70224
55.409996,60.57257,5.162575
55.409996,60.57257,5.162575
64.64,64.35568,-0.28431702
64.64,64.35568,-0.28431702
66.49,64.62738,-1.8626175
61.5,64.88542,3.3854218
61.5,64.88542,3.3854218
63.120003,64.34265,1.2226486
69.57,64.9358,-4.634201
69.57,64.9358,-4.634201
63.63,64.10242,0.47241592
63.63,64.10242,0.47241592
62.21,63.46349,1.2534904
62.21,63.46349,1.2534904
60.66,65.335594,4.6755943
60.66,65.335594,4.6755943
68.35,65.44036,-2.9096375
68.35,65.44036,-2.9096375
18.24,25.020185,6.7801857
18.24,25.020185,6.7801857
45.41,38.958313,-6.451687
63.93,65.88577,1.9557724
63.93,65.88577,1.9557724
65.240005,65.26714,0.027137756
65.240005,65.26714,0.027137756
65.240005,65.26714,0.027137756
72.369995,65.34017,-7.0298233
72.369995,65.34017,-7.0298233
47.47,40.787354,-6.6826477
70.87,64.18006,-6.6899414
68.08,64.70179,-3.378212
52.999996,63.675655,10.675659
52.999996,63.675655,10.675659
61.729996,60.8289,-0.90109634
33.629997,46.56315,12.933151
33.629997,46.56315,12.933151
67.82,65.26616,-2.5538406
60.45,63.002914,2.5529137
66.97,65.31128,-1.6587219
34.21,39.28626,5.0762596
34.21,39.28626,5.0762596
60.76,65.15144,4.391445
67.079994,63.721268,-3.3587265
67.079994,63.721268,-3.3587265
68.72,64.69716,-4.0228424
68.72,64.69716,-4.0228424
56.809998,63.231,6.4210014
62.4,65.57294,3.1729355
62.4,65.57294,3.1729355
57.54,59.716503,2.1765022
63.11,63.64056,0.53055954
67.42,64.06129,-3.3587112
68.92,64.62843,-4.291565
66.409996,64.29802,-2.1119766
66.369995,63.978195,-2.3918
66.369995,63.978195,-2.3918
65.54,62.420452,-3.1195488
61.440002,65.3924,3.9524002
61.440002,65.3924,3.9524002
53.609997,59.875,6.265003
53.609997,59.875,6.265003
68.72,65.70912,-3.0108795
68.72,65.70912,-3.0108795
67.009995,64.73777,-2.2722244
67.009995,64.73777,-2.2722244
57.120003,59.92337,2.8033676
57.120003,59.92337,2.8033676
56.699997,63.989616,7.2896194
56.699997,63.989616,7.2896194
45.48,43.884563,-1.5954361
45.48,43.884563,-1.5954361
60.77,64.2223,3.4522972
70.1,65.71751,-4.382492
70.1,65.71751,-4.382492
67.02,65.60572,-1.4142761
67.02,65.60572,-1.4142761
64.51,62.999428,-1.5105743
64.51,62.999428,-1.5105743
66.32,64.71696,-1.6030426
66.32,64.71696,-1.6030426
68.5,64.85751,-3.6424866
68.5,64.85751,-3.6424866
17.84,34.686478,16.846478
17.84,34.686478,16.846478
70.4,62.505066,-7.8949356
70.4,62.505066,-7.8949356
67.83,63.901657,-3.9283447
60.530003,62.89213,2.3621292
60.530003,62.89213,2.3621292
68.48,65.20342,-3.2765808
68.48,65.20342,-3.2765808
60.16,64.686005,4.526005
60.16,64.686005,4.526005
20.29,28.498823,8.208822
20.29,28.498823,8.208822
65.100006,62.476585,-2.6234207
65.100006,62.476585,-2.6234207
61.57,62.795143,1.2251434
63.129997,61.555344,-1.5746536
63.129997,61.555344,-1.5746536
50.480003,58.679832,8.199829
72.5,66.02238,-6.477623
61.440002,64.87105,3.4310455
61.440002,64.87105,3.4310455
25.99,26.708729,0.718729
60.16,64.97248,4.812481
60.16,64.97248,4.812481
69.21,65.44321,-3.7667923
71.100006,64.89819,-6.2018127
71.100006,64.89819,-6.2018127
45.48,33.520714,-11.959286
45.48,33.520714,-11.959286
53.73,59.970016,6.240017
63.620003,61.48854,-2.131462
70.58,64.874374,-5.7056274
70.58,64.874374,-5.7056274
66.32,64.82463,-1.495369
66.32,64.82463,-1.495369
61.5,65.47133,3.9713287
61.5,65.47133,3.9713287
67.14,65.459724,-1.680275
57.29,62.813366,5.523365
57.29,62.813366,5.523365
60.23,59.31672,-0.9132805
60.23,59.31672,-0.9132805
59.219997,64.87584,5.655842
59.219997,64.87584,5.655842
62.68,64.16421,1.4842072
62.68,64.16421,1.4842072
68.07,65.98894,-2.0810623
39.8,43.448204,3.6482048
45.579998,38.597195,-6.9828033
63.97,63.671547,-0.29845428
63.97,63.671547,-0.29845428
64.950005,63.489437,-1.4605675
51.64,62.666206,11.026207
51.64,62.666206,11.026207
67.619995,62.62865,-4.9913445
67.619995,62.62865,-4.9913445
64.19,64.23469,0.044685364
64.19,64.23469,0.044685364
69.57,64.31001,-5.259987
69.57,64.31001,-5.259987
65.69,62.559807,-3.1301956
65.69,62.559807,-3.1301956
69.93,65.21613,-4.713867
69.93,65.21613,-4.713867
67.94,65.34071,-2.599289
67.94,65.34071,-2.599289
70.630005,64.25771,-6.3722916
70.630005,64.25771,-6.3722916
57.59,63.422863,5.832863
69.97,63.41346,-6.5565414
60.8,65.07579,4.275791
60.8,65.07579,4.275791
63.81,64.28409,0.47408676
63.81,64.28409,0.47408676
63.81,64.28409,0.47408676
31.77,33.33849,1.5684891
31.77,33.33849,1.5684891
59.91,64.63051,4.7205086
59.91,64.63051,4.7205086
68.36,64.992195,-3.3678055
68.36,64.992195,-3.3678055
54.22,56.52916,2.3091583
54.22,56.52916,2.3091583
72.25,64.846924,-7.403076
36.14,61.455357,25.315357
36.14,61.455357,25.315357
63.97,64.91709,0.94709015
63.97,64.91709,0.94709015
56.11,62.100906,5.990906
65.45,63.30185,-2.1481476
67.049995,63.730347,-3.3196487
67.049995,63.730347,-3.3196487
49.7,48.931152,-0.7688484
49.7,48.931152,-0.7688484
70.0,64.644585,-5.3554153
18.099998,23.493927,5.3939285
18.099998,23.493927,5.3939285
18.099998,23.493927,5.3939285
18.099998,23.493927,5.3939285
67.46,63.892437,-3.567562
67.46,63.892437,-3.567562
67.94,64.55736,-3.3826447
67.94,64.55736,-3.3826447
66.64,63.295162,-3.3448372
65.729996,64.70565,-1.0243454
65.729996,64.70565,-1.0243454
64.79,64.63136,-0.158638
66.5,65.29485,-1.2051468
70.700005,65.08994,-5.6100616
70.700005,65.08994,-5.6100616
53.899998,57.70511,3.805111
53.899998,57.70511,3.805111
60.56,65.28953,4.7295265
60.56,65.28953,4.7295265
62.940002,63.27449,0.33448792
62.940002,63.27449,0.33448792
59.680004,64.77406,5.094059
70.700005,64.76395,-5.936058
70.700005,64.76395,-5.936058
62.339996,64.40684,2.0668411
62.339996,64.40684,2.0668411
68.5,64.26851,-4.231491
68.5,64.26851,-4.231491
66.329994,65.00234,-1.327652
66.329994,65.00234,-1.327652
66.399994,62.36535,-4.034645
66.399994,62.36535,-4.034645
49.079998,40.013275,-9.066723
49.079998,40.013275,-9.066723
60.16,62.947582,2.7875824
60.16,62.947582,2.7875824
63.129997,63.20988,0.079883575
63.129997,63.20988,0.079883575
65.82,59.208065,-6.6119347
65.82,59.208065,-6.6119347
67.229996,64.26395,-2.9660492
62.940002,62.30207,-0.6379318
62.940002,62.30207,-0.6379318
64.64,62.85247,-1.787529
64.64,62.85247,-1.787529
44.15,41.677254,-2.4727478
44.15,41.677254,-2.4727478
65.83,64.047714,-1.7822876
59.920002,64.07966,4.1596565
60.56,60.639595,0.07959366
60.56,60.639595,0.07959366
65.82,65.205605,-0.61439514
65.82,65.205605,-0.61439514
53.609997,58.42262,4.812622
53.609997,58.42262,4.812622
70.1,65.03856,-5.0614395
62.699997,64.63683,1.9368362
62.699997,64.63683,1.9368362
50.940002,60.90496,9.964958
50.940002,60.90496,9.964958
67.36,65.46082,-1.8991776
67.36,65.46082,-1.8991776
67.049995,61.93189,-5.118107
67.049995,61.93189,-5.118107
58.13,64.381676,6.2516747
69.5,64.80473,-4.6952667
67.85,63.236862,-4.6131363
67.85,63.236862,-4.6131363
68.35,64.88986,-3.4601364
68.35,64.88986,-3.4601364
49.079998,40.372704,-8.707294
59.56,63.271343,3.7113419
64.83,63.960995,-0.8690071
64.83,63.960995,-0.8690071
64.740005,64.351265,-0.38874054
63.81,64.581505,0.77150345
63.81,64.581505,0.77150345
63.81,64.581505,0.77150345
72.32,64.24331,-8.076691
72.32,64.24331,-8.076691
64.19,62.676666,-1.5133362
64.19,62.676666,-1.5133362
63.9,64.737274,0.83727264
63.9,64.737274,0.83727264
69.58,64.38112,-5.198883
70.36,62.623913,-7.736088
70.36,62.623913,-7.736088
70.36,62.623913,-7.736088
70.25,62.782215,-7.467785
70.25,62.782215,-7.467785
66.259995,64.88155,-1.3784409
66.259995,64.88155,-1.3784409
49.5,40.570145,-8.929855
49.5,40.570145,-8.929855
66.99,64.38304,-2.6069565
65.100006,65.35343,0.2534256
65.100006,65.35343,0.2534256
60.78,64.37745,3.5974503
60.78,64.37745,3.5974503
68.15,63.66778,-4.4822197
62.4,65.43499,3.0349884
62.4,65.43499,3.0349884
36.14,58.33196,22.19196
36.14,58.33196,22.19196
63.489998,63.25792,-0.23207855
63.489998,63.25792,-0.23207855
53.899998,62.022907,8.12291
53.899998,62.022907,8.12291
63.53,63.083797,-0.44620132
63.53,63.083797,-0.44620132
60.16,65.03289,4.8728905
60.16,65.03289,4.8728905
63.25,65.381516,2.1315155
66.28999,63.252544,-3.037449
66.28999,63.252544,-3.037449
45.2,59.363735,14.163734
45.2,59.363735,14.163734
49.5,54.296295,4.796295
49.5,54.296295,4.796295
45.78,36.44864,-9.33136
64.69,65.85926,1.1692581
61.11,64.79133,3.6813278
61.11,64.79133,3.6813278
50.940002,60.149105,9.209103
50.940002,60.149105,9.209103
66.28999,64.442,-1.847992
66.28999,64.442,-1.847992
62.54,64.30881,1.7688065
62.54,64.30881,1.7688065
63.340004,65.78043,2.4404297
44.15,38.31788,-5.832123
44.15,38.31788,-5.832123
59.969997,64.79638,4.8263817
63.93,64.98791,1.0579071
63.93,64.98791,1.0579071
64.310005,64.39589,0.085884094
64.310005,64.39589,0.085884094
59.91,63.168503,3.258503
59.91,63.168503,3.258503
52.07,61.88901,9.819012
52.07,61.88901,9.819012
63.590004,65.203636,1.6136322
63.590004,65.203636,1.6136322
64.83,64.54475,-0.28525543
64.83,64.54475,-0.28525543
64.54,64.912,0.37200165
64.54,64.912,0.37200165
72.18,63.80397,-8.37603
30.779999,20.76562,-10.0143795
30.779999,20.76562,-10.0143795
39.85,38.927097,-0.92290115
39.85,38.927097,-0.92290115
68.8,65.03684,-3.7631607
68.82,63.06764,-5.7523613
68.2,64.98256,-3.2174377
66.03,64.73087,-1.2991257
66.03,64.73087,-1.2991257
72.369995,64.86135,-7.508644
72.369995,64.86135,-7.508644
64.89,65.356895,0.46689606
68.48,63.664127,-4.815876
68.48,63.664127,-4.815876
69.93,65.63398,-4.2960205
69.93,65.63398,-4.2960205
56.72,61.498104,4.778103
64.05,65.169495,1.1194916
52.07,60.27406,8.20406
52.07,60.27406,8.20406
70.25,64.889946,-5.360054
70.25,64.889946,-5.360054
57.28,57.01717,-0.26282883
63.870003,63.184486,-0.68551636
64.07,63.547993,-0.522007
64.07,63.547993,-0.522007
31.71,28.24792,-3.46208
69.48,65.421906,-4.058098
69.48,65.421906,-4.058098
60.23,61.582523,1.3525238
60.23,61.582523,1.3525238
61.39,65.05136,3.6613617
64.450005,63.816494,-0.6335106
64.450005,63.816494,-0.6335106
66.99,64.475784,-2.5142136
66.99,64.475784,-2.5142136
63.63,63.11224,-0.51776123
63.63,63.11224,-0.51776123
18.099998,27.981668,9.88167
18.099998,27.981668,9.88167
18.099998,27.981668,9.88167
18.099998,27.981668,9.88167
67.36,65.43472,-1.9252777
67.36,65.43472,-1.9252777
66.68,64.59502,-2.0849838
66.68,64.59502,-2.0849838
57.29,61.35215,4.062149
57.29,61.35215,4.062149
70.520004,63.43714,-7.082863
70.520004,63.43714,-7.082863
61.29,65.75929,4.4692917
52.44,60.38248,7.942482
52.44,60.38248,7.942482
50.370003,55.819077,5.449074
63.9,65.62384,1.7238388
63.9,65.62384,1.7238388
60.8,65.01665,4.216648
65.69,60.754185,-4.9358177
65.69,60.754185,-4.9358177
55.620003,62.868576,7.2485733
55.620003,62.868576,7.2485733
49.7,49.512543,-0.18745804
49.7,49.512543,-0.18745804
72.21,62.000603,-10.209396
72.21,62.000603,-10.209396
59.02,61.987274,2.9672737
67.64,65.441864,-2.1981354
67.64,65.441864,-2.1981354
67.5,64.36911,-3.13089
34.21,27.734274,-6.475725
34.21,27.734274,-6.475725
62.33,65.760826,3.4308243
62.33,65.760826,3.4308243
66.68,65.2277,-1.452301
67.64,64.29994,-3.3400574
67.64,64.29994,-3.3400574
68.75,65.48078,-3.2692184
70.58,64.81898,-5.7610245
70.58,64.81898,-5.7610245
65.72,65.505646,-0.21435547
63.63,63.066597,-0.5634041
63.63,63.066597,-0.5634041
47.600002,48.79361,1.1936073
66.369995,63.926792,-2.443203
66.369995,63.926792,-2.443203
71.590004,60.310493,-11.2795105
71.590004,60.310493,-11.2795105
66.659996,63.86695,-2.793045
66.659996,63.86695,-2.793045
71.48,65.039345,-6.4406586
67.619995,64.422905,-3.1970901
67.619995,64.422905,-3.1970901
61.909996,64.419,2.5090027
61.909996,64.419,2.5090027
70.520004,64.4099,-6.1101074
70.520004,64.4099,-6.1101074
66.03,64.79291,-1.2370911
66.03,64.79291,-1.2370911
55.409996,64.141235,8.731239
55.409996,64.141235,8.731239
64.950005,64.907166,-0.04283905
72.0,63.910328,-8.089672
64.18,65.063644,0.8836441
57.38,53.712933,-3.6670685
57.38,53.712933,-3.6670685
67.009995,66.17038,-0.83961487
67.009995,66.17038,-0.83961487
69.700005,64.39559,-5.304413
61.15,64.41308,3.2630768
63.47,65.4518,1.9817963
63.47,65.4518,1.9817963
50.96,53.118603,2.1586037
50.96,53.118603,2.1586037
59.219997,64.7785,5.558506
59.219997,64.7785,5.558506
61.589996,64.49178,2.9017868
61.589996,64.49178,2.9017868
57.38,62.20227,4.8222694
57.38,62.20227,4.8222694
61.449997,65.17002,3.720024
61.449997,65.17002,3.720024
66.68,64.75047,-1.9295273
66.68,64.75047,-1.9295273
55.909996,66.16939,10.259392
55.909996,66.16939,10.259392
65.240005,65.7454,0.505394
65.240005,65.7454,0.505394
65.240005,65.7454,0.505394
62.370003,65.15154,2.78154
64.560005,65.29776,0.7377548
64.560005,65.29776,0.7377548
47.86,42.37135,-5.4886513
60.51,64.457954,3.947956
60.51,64.457954,3.947956
70.21,64.88457,-5.325432
62.47,63.29763,0.8276291
66.34,64.62715,-1.7128448
66.34,64.62715,-1.7128448
46.219997,48.166245,1.9462471
46.219997,48.166245,1.9462471
51.18,60.102356,8.922356
70.4,64.615166,-5.784836
70.4,64.615166,-5.784836
62.339996,62.698208,0.35821152
62.339996,62.698208,0.35821152
62.54,64.397545,1.857544
62.54,64.397545,1.857544
65.53,65.46595,-0.06404877
64.15,64.51842,0.36841583
29.63,48.867443,19.237444
29.63,48.867443,19.237444
72.32,64.880875,-7.439125
72.32,64.880875,-7.439125
63.39,64.241264,0.85126495
69.48,63.781452,-5.698551
69.48,63.781452,-5.698551
61.549995,59.713097,-1.8368988
61.549995,59.713097,-1.8368988
50.520004,61.111824,10.59182
53.62,63.867847,10.2478485
53.62,63.867847,10.2478485
53.62,63.867847,10.2478485
53.62,63.867847,10.2478485
63.309998,63.759605,0.44960785
63.309998,63.759605,0.44960785
69.880005,61.56129,-8.318714
69.880005,61.56129,-8.318714
69.880005,61.56129,-8.318714
69.880005,61.56129,-8.318714
53.62,63.951473,10.331474
53.62,63.951473,10.331474
53.62,63.951473,10.331474
53.62,63.951473,10.331474
67.22,64.8149,-2.405098
67.22,64.8149,-2.405098
57.08,64.351906,7.271904
57.08,64.351906,7.271904
49.9,54.23954,4.3395386
64.82,65.3577,0.53769684
65.240005,64.35989,-0.8801117
65.240005,64.35989,-0.8801117
60.85,63.485863,2.6358643
60.85,63.485863,2.6358643
62.29,64.08227,1.7922668
62.29,64.08227,1.7922668
60.31,63.350105,3.040104
68.78,64.23312,-4.546875
68.78,64.23312,-4.546875
68.93,64.70806,-4.221939
68.93,64.70806,-4.221939
64.97,64.7794,-0.19059753
64.97,64.7794,-0.19059753
64.310005,64.25975,-0.05025482
62.93,61.860924,-1.0690765
10.43,40.56266,30.13266
72.24,63.769604,-8.470394
66.97,64.72986,-2.2401428
66.97,64.72986,-2.2401428
72.52,64.951195,-7.568802
72.52,64.951195,-7.568802
70.25,63.642788,-6.607212
56.6,62.527836,5.9278374
56.6,62.527836,5.9278374
67.31,64.32938,-2.9806213
67.31,64.32938,-2.9806213
65.59,62.09843,-3.4915657
65.59,62.09843,-3.4915657
61.25,63.5915,2.3414993
61.25,63.5915,2.3414993
65.88,64.78884,-1.091156
65.88,64.78884,-1.091156
70.54,64.3385,-6.2015
70.54,64.3385,-6.2015
61.54,62.450645,0.91064453
63.22,65.02145,1.801445
65.14,59.71066,-5.4293404
62.96,60.743546,-2.2164536
55.9,55.49617,-0.40383148
55.9,55.49617,-0.40383148
65.909996,64.446335,-1.4636612
65.909996,64.446335,-1.4636612
62.550003,63.60285,1.0528488
62.550003,63.60285,1.0528488
61.9,63.10556,1.2055588
61.9,63.10556,1.2055588
50.700005,61.498512,10.798508
50.700005,61.498512,10.798508
71.69,64.59896,-7.0910416
71.69,64.59896,-7.0910416
61.47,63.58273,2.112728
61.47,63.58273,2.112728
61.6,64.31589,2.715889
61.6,64.31589,2.715889
65.88,64.51636,-1.3636398
65.88,64.51636,-1.3636398
49.63,62.802116,13.172115
49.63,62.802116,13.172115
69.86,63.615463,-6.2445374
69.86,63.615463,-6.2445374
71.450005,63.89203,-7.557976
71.450005,63.89203,-7.557976
61.07,65.0328,3.962799
60.9,61.356373,0.4563713
60.9,61.356373,0.4563713
64.78001,64.27742,-0.50258636
64.78001,64.27742,-0.50258636
53.52,63.072144,9.552143
71.270004,64.21322,-7.0567856
71.270004,64.21322,-7.0567856
69.57,63.67354,-5.8964615
68.99,65.19798,-3.792015
61.64,64.33424,2.6942444
61.64,64.33424,2.6942444
63.590004,64.41797,0.8279648
71.7,64.75169,-6.948303
64.78001,64.042,-0.7380066
64.78001,64.042,-0.7380066
63.53,64.62701,1.0970078
64.89,65.06112,0.17111969
69.880005,61.440704,-8.439301
69.880005,61.440704,-8.439301
69.880005,61.440704,-8.439301
69.880005,61.440704,-8.439301
63.03,64.616356,1.5863571
67.369995,64.912575,-2.4574203
56.58,57.87018,1.2901764
56.58,57.87018,1.2901764
60.97,64.26908,3.29908
60.97,64.26908,3.29908
60.460003,64.60861,4.148609
63.85,63.44912,-0.4008789
68.2,63.273777,-4.92622
61.549995,61.694115,0.14411926
61.549995,61.694115,0.14411926
62.840004,63.551376,0.7113724
62.840004,63.551376,0.7113724
66.869995,60.30225,-6.567745
66.869995,60.30225,-6.567745
40.84,35.805656,-5.0343437
40.84,35.805656,-5.0343437
61.02,57.71995,-3.3000488
62.519997,60.424084,-2.095913
22.34,28.593502,6.253502
22.34,28.593502,6.253502
67.5,64.70759,-2.7924118
67.5,64.70759,-2.7924118
63.28,63.315056,0.035057068
63.28,63.315056,0.035057068
71.46,64.64194,-6.818062
71.46,64.64194,-6.818062
69.35,63.875,-5.4749985
57.18,61.50235,4.3223495
57.18,61.50235,4.3223495
67.04,64.58213,-2.4578705
54.85,58.099068,3.2490692
69.11,62.09148,-7.0185204
69.11,62.09148,-7.0185204
64.61,64.27965,-0.33035278
64.61,64.27965,-0.33035278
62.730003,63.66274,0.93273544
50.059998,57.07429,7.0142937
50.059998,57.07429,7.0142937
63.14,62.539337,-0.60066223
64.48,63.07354,-1.4064636
56.4,63.942234,7.5422325
56.4,63.942234,7.5422325
53.19,64.59019,11.400188
56.75,63.8674,7.117401
56.75,63.8674,7.117401
67.2,64.10412,-3.0958786
64.240005,64.228905,-0.011100769
60.41,64.12481,3.7148094
60.41,64.12481,3.7148094
71.12,64.175514,-6.9444885
71.12,64.175514,-6.9444885
60.93,62.439228,1.5092278
59.399998,62.727535,3.3275375
59.399998,62.727535,3.3275375
59.399998,62.727535,3.3275375
64.82,63.188625,-1.6313744
58.28,61.458576,3.1785774
67.46,64.20123,-3.2587662
61.11,62.941414,1.8314133
61.11,62.941414,1.8314133
69.840004,63.797928,-6.042076
61.11,63.83654,2.7265396
61.11,63.83654,2.7265396
60.9,65.29884,4.398842
60.9,65.29884,4.398842
62.019997,61.491375,-0.5286217
62.019997,61.491375,-0.5286217
60.13,62.619232,2.489231
60.13,62.619232,2.489231
66.409996,62.190907,-4.2190895
62.29,64.14622,1.8562164
62.29,64.14622,1.8562164
68.47,64.37409,-4.095909
63.07,62.047733,-1.0222664
63.07,62.047733,-1.0222664
56.230003,62.753933,6.5239296
61.82,64.109,2.2890015
60.02,63.832684,3.812683
60.02,63.832684,3.812683
68.27,63.9157,-4.3542976
63.129997,64.4526,1.3226013
63.129997,64.4526,1.3226013
71.450005,64.218124,-7.23188
71.450005,64.218124,-7.23188
66.13,64.10101,-2.028984
66.13,64.10101,-2.028984
56.43,61.94072,5.5107193
56.43,61.94072,5.5107193
66.56,62.257694,-4.3023033
66.56,62.257694,-4.3023033
61.879997,63.338947,1.45895
63.84,64.08935,0.24934769
63.84,64.08935,0.24934769
55.589996,57.30601,1.7160149
55.589996,57.30601,1.7160149
52.929996,57.18409,4.254093
52.929996,57.18409,4.254093
64.55,64.25307,-0.29693604
64.55,64.25307,-0.29693604
59.780003,60.071445,0.29144287
64.380005,64.61298,0.23297882
64.380005,64.61298,0.23297882
55.299995,61.027496,5.727501
55.299995,61.027496,5.727501
67.14,64.737656,-2.4023438
67.14,64.737656,-2.4023438
72.17,64.41183,-7.758171
72.17,64.41183,-7.758171
61.879997,60.074203,-1.8057938
63.239998,64.67167,1.4316711
63.239998,64.67167,1.4316711
55.78,63.23713,7.4571304
55.78,63.23713,7.4571304
61.549995,62.417686,0.86769104
61.549995,62.417686,0.86769104
47.1,62.95217,15.852173
60.140003,63.68686,3.546856
60.140003,63.68686,3.546856
57.440002,64.51288,7.072876
62.370003,63.423847,1.0538445
62.370003,63.423847,1.0538445
65.08,64.81913,-0.2608719
58.289997,63.713806,5.423809
51.87,60.39191,8.521912
51.87,60.39191,8.521912
63.059998,64.1197,1.0597
63.059998,64.1197,1.0597
61.9,62.21698,0.31697845
61.9,62.21698,0.31697845
51.87,59.788902,7.9189034
51.87,59.788902,7.9189034
63.84,63.493473,-0.3465271
63.84,63.493473,-0.3465271
71.46,65.02881,-6.4311905
71.46,65.02881,-6.4311905
68.28,65.16695,-3.1130524
68.28,65.16695,-3.1130524
68.92,64.26473,-4.655266
68.92,64.26473,-4.655266
56.550003,64.00686,7.456856
56.550003,64.00686,7.456856
65.44,60.995472,-4.4445305
65.44,60.995472,-4.4445305
69.15,64.21547,-4.934532
69.15,64.21547,-4.934532
58.13,64.470604,6.340603
58.13,64.470604,6.340603
66.13,60.42397,-5.706028
66.13,60.42397,-5.706028
67.76,64.40919,-3.3508148
67.76,64.40919,-3.3508148
65.909996,64.19992,-1.7100754
65.909996,64.19992,-1.7100754
60.13,64.57033,4.4403267
60.13,64.57033,4.4403267
58.24,61.58874,3.3487396
68.93,63.50247,-5.427532
68.93,63.50247,-5.427532
66.97,64.135826,-2.834175
66.97,64.135826,-2.834175
67.86,64.16472,-3.695282
70.33,63.15051,-7.179493
59.500004,60.205605,0.70560074
59.500004,60.205605,0.70560074
64.61,64.09186,-0.5181427
64.61,64.09186,-0.5181427
60.41,64.711205,4.3012047
60.41,64.711205,4.3012047
66.869995,59.916794,-6.9532013
66.869995,59.916794,-6.9532013
70.86,65.46436,-5.3956375
70.86,65.46436,-5.3956375
64.11,62.843014,-1.2669868
64.11,62.843014,-1.2669868
49.63,63.46887,13.838867
49.63,63.46887,13.838867
66.56,60.620712,-5.9392853
66.56,60.620712,-5.9392853
64.05,62.887268,-1.162735
64.05,62.887268,-1.162735
60.54,57.754356,-2.7856445
52.929996,61.14838,8.218384
52.929996,61.14838,8.218384
62.75,64.56304,1.8130417
62.75,64.56304,1.8130417
59.81,63.949688,4.1396866
66.09,63.66112,-2.428875
66.09,63.66112,-2.428875
58.19,62.82717,4.6371727
57.239998,60.987343,3.747345
56.17,65.14133,8.971329
56.17,65.14133,8.971329
63.47,64.88536,1.4153595
71.69,62.826233,-8.86377
71.69,62.826233,-8.86377
60.02,62.507195,2.487194
60.320004,62.934654,2.6146507
67.079994,64.32875,-2.7512436
67.079994,64.32875,-2.7512436
72.159996,65.414085,-6.7459106
72.159996,65.414085,-6.7459106
58.23,64.53871,6.308712
68.2,63.9706,-4.229397
69.15,64.30992,-4.8400803
69.15,64.30992,-4.8400803
57.260002,64.04225,6.7822495
63.520004,64.07822,0.5582123
72.45,64.259186,-8.190811
72.45,64.259186,-8.190811
63.239998,64.08403,0.8440323
63.239998,64.08403,0.8440323
71.270004,64.81691,-6.4530945
71.270004,64.81691,-6.4530945
57.78,59.418125,1.6381264
61.6,64.20533,2.6053314
61.6,64.20533,2.6053314
60.030003,64.11378,4.0837746
67.34,64.5247,-2.8153
57.67,62.366833,4.6968346
64.46,62.860443,-1.599556
69.19,64.99725,-4.192749
69.19,64.99725,-4.192749
66.259995,63.934845,-2.3251495
66.259995,63.934845,-2.3251495
65.240005,65.22024,-0.019767761
65.240005,65.22024,-0.019767761
65.59,62.419968,-3.1700287
65.59,62.419968,-3.1700287
64.37,65.01995,0.6499481
63.07,63.921356,0.8513565
63.07,63.921356,0.8513565
60.140003,64.58378,4.443775
60.140003,64.58378,4.443775
71.21001,64.53932,-6.670685
71.21001,64.53932,-6.670685
68.28,62.793194,-5.486805
68.28,62.793194,-5.486805
69.880005,59.104137,-10.775867
69.880005,59.104137,-10.775867
69.880005,59.104137,-10.775867
69.880005,59.104137,-10.775867
60.2,64.53238,4.3323784
63.86,62.87153,-0.988472
59.63,65.15929,5.5292854
59.63,65.15929,5.5292854
64.05,64.482544,0.4325409
64.05,64.482544,0.4325409
64.3,63.25461,-1.0453949
53.600002,62.95552,9.355518
55.57,60.42514,4.8551407
55.57,60.42514,4.8551407
54.4,63.250065,8.850063
63.82,64.830894,1.0108948
63.82,64.830894,1.0108948
60.38,61.39379,1.0137901
60.38,61.39379,1.0137901
56.4,60.474407,4.0744057
56.4,60.474407,4.0744057
54.34,62.856865,8.516865
54.34,62.856865,8.516865
55.57,59.346367,3.7763672
55.57,59.346367,3.7763672
64.55,64.348274,-0.20172882
64.55,64.348274,-0.20172882
59.500004,61.236538,1.7365341
59.500004,61.236538,1.7365341
69.770004,64.59856,-5.1714478
69.770004,64.59856,-5.1714478
56.6,61.393528,4.7935295
56.6,61.393528,4.7935295
64.04,64.53039,0.49038696
62.940002,65.11396,2.1739578
63.82,63.303417,-0.5165825
63.82,63.303417,-0.5165825
71.78,63.20004,-8.57996
61.9,63.30945,1.4094467
61.9,63.30945,1.4094467
64.01,63.025017,-0.98498535
64.01,63.025017,-0.98498535
56.629997,62.91704,6.2870445
65.62,64.006386,-1.613617
65.62,64.006386,-1.613617
57.6,64.05826,6.4582596
64.47,64.710266,0.2402649
63.800003,63.771896,-0.02810669
63.800003,63.771896,-0.02810669
71.58,64.639114,-6.9408875
63.440002,62.477028,-0.96297455
63.440002,62.477028,-0.96297455
69.57,64.328804,-5.2411957
71.62,65.160835,-6.4591675
71.01,64.30517,-6.704834
71.01,64.30517,-6.704834
63.91,63.525467,-0.38453293
62.42,59.607155,-2.8128433
68.97,65.203705,-3.7662964
68.97,65.203705,-3.7662964
65.79,63.084473,-2.7055283
65.79,63.084473,-2.7055283
62.550003,63.19417,0.64416885
62.550003,63.19417,0.64416885
60.69,64.551315,3.8613167
60.69,64.551315,3.8613167
61.85,64.52618,2.676178
61.85,64.52618,2.676178
56.82,62.215466,5.395466
56.82,62.215466,5.395466
66.259995,64.81525,-1.4447479
66.259995,64.81525,-1.4447479
63.28,63.081104,-0.1988945
63.28,63.081104,-0.1988945
54.34,62.10465,7.7646484
54.34,62.10465,7.7646484
69.19,63.768776,-5.4212265
69.19,63.768776,-5.4212265
67.31,62.54781,-4.762188
67.31,62.54781,-4.762188
64.19,64.61896,0.42895508
68.48,64.817375,-3.6626282
56.82,64.89793,8.077927
56.82,64.89793,8.077927
56.050003,64.11223,8.062225
56.550003,64.37355,7.8235474
56.550003,64.37355,7.8235474
60.76,62.03069,1.2706909
62.019997,63.174885,1.1548882
62.019997,63.174885,1.1548882
54.75,58.725132,3.975132
54.75,58.725132,3.975132
66.84,64.71835,-2.121643
63.03,62.717525,-0.3124733
63.03,62.717525,-0.3124733
62.660004,60.9859,-1.6741028
63.129997,65.14369,2.0136948
63.129997,65.14369,2.0136948
59.899998,59.912144,0.012145996
65.97,64.03767,-1.9323349
71.01,63.954266,-7.0557365
71.01,63.954266,-7.0557365
57.18,64.66467,7.4846725
57.18,64.66467,7.4846725
59.859997,64.08243,4.222431
46.96,41.126305,-5.8336945
60.390003,61.38471,0.9947052
60.390003,61.38471,0.9947052
65.130005,65.20435,0.07434845
69.11,63.42796,-5.682041
69.11,63.42796,-5.682041
65.62,62.39652,-3.223484
65.62,62.39652,-3.223484
60.530003,61.35593,0.82592773
55.299995,64.25213,8.952133
55.299995,64.25213,8.952133
50.700005,54.13064,3.4306335
50.700005,54.13064,3.4306335
64.57,62.745316,-1.8246841
56.17,64.62809,8.458092
56.17,64.62809,8.458092
68.78,64.57579,-4.2042084
68.78,64.57579,-4.2042084
56.43,59.70244,3.272438
56.43,59.70244,3.272438
60.420002,62.37399,1.9539871
60.420002,62.37399,1.9539871
68.83,61.90866,-6.921341
54.2,60.482998,6.282997
54.2,60.482998,6.282997
61.769997,64.87774,3.1077423
63.120003,63.34799,0.22798538
64.43,65.25227,0.82227325
64.43,65.25227,0.82227325
65.92,64.84091,-1.0790863
67.479996,64.129196,-3.3507996
67.479996,64.129196,-3.3507996
62.72,64.167755,1.4477539
62.72,64.167755,1.4477539
69.880005,62.651115,-7.2288895
69.880005,62.651115,-7.2288895
69.880005,62.651115,-7.2288895
69.880005,62.651115,-7.2288895
47.960003,49.765488,1.8054848
69.3,64.64134,-4.658661
72.52,62.580544,-9.939453
72.52,62.580544,-9.939453
68.97,64.6415,-4.328499
68.97,64.6415,-4.328499
60.78,63.685863,2.9058647
69.770004,64.22249,-5.547516
69.770004,64.22249,-5.547516
60.420002,60.2566,-0.16340256
60.420002,60.2566,-0.16340256
60.38,62.3765,1.9964981
60.38,62.3765,1.9964981
22.34,28.0755,5.7355003
22.34,28.0755,5.7355003
64.51,63.918896,-0.5911064
63.85,65.06578,1.2157822
69.01,64.18999,-4.820015
71.12,64.66981,-6.4501953
71.12,64.66981,-6.4501953
70.86,64.223366,-6.636635
70.86,64.223366,-6.636635
64.11,64.484314,0.37431335
64.11,64.484314,0.37431335
61.769997,63.65084,1.8808441
66.68,60.519306,-6.160694
59.399998,64.437225,5.0372276
59.399998,64.437225,5.0372276
59.399998,64.437225,5.0372276
55.78,64.581505,8.801506
55.78,64.581505,8.801506
63.89,62.219788,-1.6702118
57.8,63.513493,5.7134933
67.22,64.93357,-2.2864304
67.22,64.93357,-2.2864304
54.75,55.62475,0.87474823
54.75,55.62475,0.87474823
64.01,64.82161,0.81160736
64.01,64.82161,0.81160736
68.51,64.31616,-4.19384
64.43,64.137024,-0.29297638
64.43,64.137024,-0.29297638
61.909996,64.11146,2.2014618
62.699997,64.46802,1.7680206
64.020004,59.76848,-4.251526
63.58,62.604225,-0.9757767
61.25,65.20358,3.9535828
61.25,65.20358,3.9535828
61.47,61.316334,-0.15366745
61.47,61.316334,-0.15366745
61.85,63.078106,1.2281075
61.85,63.078106,1.2281075
66.259995,62.068283,-4.1917114
68.82,64.074745,-4.7452545
61.64,64.12034,2.480339
61.64,64.12034,2.480339
64.78001,64.3302,-0.4498062
67.5,64.49014,-3.0098572
67.5,64.49014,-3.0098572
63.800003,64.04964,0.24963379
63.800003,64.04964,0.24963379
71.21001,65.03867,-6.1713333
71.21001,65.03867,-6.1713333
55.589996,59.319824,3.729828
55.589996,59.319824,3.729828
67.76,63.746273,-4.013729
67.76,63.746273,-4.013729
72.17,64.866905,-7.303093
72.17,64.866905,-7.303093
65.4,64.60677,-0.79322815
65.4,64.60677,-0.79322815
58.13,64.59624,6.466236
58.13,64.59624,6.466236
72.45,64.32735,-8.12265
72.45,64.32735,-8.12265
61.75,64.2699,2.5198975
54.2,57.57528,3.3752785
54.2,57.57528,3.3752785
65.4,65.00441,-0.39559174
65.4,65.00441,-0.39559174
63.14,59.662827,-3.4771729
59.01,60.748093,1.7380943
59.01,60.748093,1.7380943
53.62,64.00764,10.387638
53.62,64.00764,10.387638
53.62,64.00764,10.387638
53.62,64.00764,10.387638
67.479996,64.55058,-2.9294128
67.479996,64.55058,-2.9294128
70.33,65.02947,-5.3005295
64.97,64.93471,-0.03529358
64.97,64.93471,-0.03529358
67.14,64.80248,-2.3375168
67.14,64.80248,-2.3375168
53.62,63.77825,10.158253
53.62,63.77825,10.158253
53.62,63.77825,10.158253
53.62,63.77825,10.158253
70.54,64.28404,-6.2559586
70.54,64.28404,-6.2559586
56.58,63.848083,7.2680817
56.58,63.848083,7.2680817
60.94,63.247353,2.307354
50.059998,64.17788,14.117882
50.059998,64.17788,14.117882
57.99,63.890053,5.900051
64.89,62.467117,-2.422882
64.22,62.792473,-1.4275284
62.370003,65.45973,3.0897293
62.370003,65.45973,3.0897293
64.380005,62.311054,-2.0689507
64.380005,62.311054,-2.0689507
40.84,38.530396,-2.3096046
40.84,38.530396,-2.3096046
72.159996,63.927795,-8.232201
72.159996,63.927795,-8.232201
59.63,63.989037,4.3590355
59.63,63.989037,4.3590355
63.08,65.1638,2.0838013
61.549995,60.2433,-1.306694
61.549995,60.2433,-1.306694
66.09,62.505394,-3.5846024
66.09,62.505394,-3.5846024
64.670006,62.88091,-1.7890968
68.92,65.22568,-3.6943207
68.92,65.22568,-3.6943207
62.75,61.243393,-1.506607
62.75,61.243393,-1.506607
63.059998,64.52073,1.4607315
63.059998,64.52073,1.4607315
61.93,63.82097,1.8909683
60.97,63.24721,2.2772102
60.97,63.24721,2.2772102
65.44,64.23326,-1.2067413
65.44,64.23326,-1.2067413
67.729996,62.196426,-5.5335693
63.309998,62.68227,-0.6277275
63.309998,62.68227,-0.6277275
60.02,65.365906,5.3459053
60.02,65.365906,5.3459053
59.01,64.49041,5.4804115
59.01,64.49041,5.4804115
66.159996,63.639854,-2.5201416
63.440002,60.27674,-3.1632614
63.440002,60.27674,-3.1632614
62.72,64.4523,1.7322998
62.72,64.4523,1.7322998
65.05,62.48971,-2.5602913
59.399998,64.87115,5.4711494
59.399998,64.87115,5.4711494
59.399998,64.87115,5.4711494
62.840004,63.333656,0.49365234
62.840004,63.333656,0.49365234
63.190002,62.093468,-1.0965347
69.86,64.95903,-4.9009705
69.86,64.95903,-4.9009705
70.18,63.44415,-6.7358513
55.199997,59.413593,4.2135963
55.199997,59.413593,4.2135963
72.61,63.600277,-9.009724
56.75,64.364586,7.614586
56.75,64.364586,7.614586
61.9,64.11401,2.2140121
61.9,64.11401,2.2140121
57.08,62.137405,5.0574036
60.390003,64.68978,4.299778
60.390003,64.68978,4.299778
55.199997,58.579212,3.3792152
55.199997,58.579212,3.3792152
65.79,62.348236,-3.4417648
65.79,62.348236,-3.4417648
60.69,63.608257,2.9182587
60.69,63.608257,2.9182587
60.85,64.03293,3.18293
60.85,64.03293,3.18293
55.9,58.920498,3.0204964
55.9,58.920498,3.0204964
63.03,65.14424,2.1142426
63.03,65.14424,2.1142426
57.08,63.97388,6.893879
57.08,63.97388,6.893879
67.079994,64.453384,-2.6266098
67.079994,64.453384,-2.6266098
63.620003,64.147255,0.5272522
57.89,64.69995,6.809952
65.92,65.23915,-0.68084717
65.92,65.23915,-0.68084717
63.63,63.598366,-0.031635284
63.550003,64.819016,1.2690125
63.550003,64.819016,1.2690125
70.740005,65.82982,-4.910187
70.740005,65.82982,-4.910187
29.51,37.51666,8.006659
29.51,37.51666,8.006659
45.07,36.27451,-8.79549
59.2,66.42197,7.221966
59.2,66.42197,7.221966
57.25,64.723495,7.4734955
57.25,64.723495,7.4734955
57.25,64.723495,7.4734955
56.22,65.04357,8.82357
56.22,65.04357,8.82357
64.15,64.73122,0.5812149
64.15,64.73122,0.5812149
42.69,64.89804,22.208042
49.48,60.358734,10.878735
49.48,60.358734,10.878735
53.460003,61.66309,8.203087
53.460003,61.66309,8.203087
53.460003,61.66309,8.203087
38.350002,29.04317,-9.306831
38.350002,29.04317,-9.306831
63.47,65.68112,2.2111206
63.47,65.68112,2.2111206
64.93,65.174644,0.24464417
64.93,65.174644,0.24464417
63.15,65.24422,2.0942154
63.15,65.24422,2.0942154
72.11,64.52819,-7.58181
60.79,65.24948,4.4594803
60.79,65.24948,4.4594803
60.79,65.24948,4.4594803
37.04,27.961763,-9.078238
37.04,27.961763,-9.078238
66.17,64.702126,-1.4678726
66.17,64.702126,-1.4678726
65.380005,63.821667,-1.5583382
65.380005,63.821667,-1.5583382
56.910004,65.22498,8.31498
60.26,65.068924,4.8089256
60.26,65.068924,4.8089256
65.380005,65.57232,0.19231415
65.380005,65.57232,0.19231415
61.65,64.977905,3.3279037
61.65,64.977905,3.3279037
71.8,63.168503,-8.6315
71.8,63.168503,-8.6315
62.93,66.26365,3.3336487
62.42,65.42523,3.0052338
62.42,65.42523,3.0052338
57.36,59.614338,2.2543373
57.36,59.614338,2.2543373
45.91,59.025204,13.115204
45.91,59.025204,13.115204
58.12,65.01509,6.895092
58.12,65.01509,6.895092
64.33,62.61776,-1.7122421
64.33,62.61776,-1.7122421
37.04,49.20919,12.169189
37.04,49.20919,12.169189
47.79,42.276237,-5.5137634
65.35,61.81655,-3.5334473
65.35,61.81655,-3.5334473
63.15,66.3428,3.1927948
63.15,66.3428,3.1927948
68.78,64.83366,-3.9463425
64.630005,64.96273,0.33272552
64.630005,64.96273,0.33272552
62.28,64.95694,2.676941
65.97,64.27281,-1.6971893
61.510002,63.702522,2.1925201
61.510002,63.702522,2.1925201
65.65,63.340694,-2.309307
65.65,63.340694,-2.309307
43.239998,31.254028,-11.98597
43.239998,31.254028,-11.98597
61.53,64.77995,3.2499542
70.58,65.00031,-5.579689
33.78,65.20524,31.42524
70.03,65.191376,-4.838623
62.32,65.23893,2.91893
65.92,64.84995,-1.0700455
65.92,64.84995,-1.0700455
61.510002,64.97542,3.465416
61.510002,64.97542,3.465416
64.69,63.308407,-1.3815956
64.69,63.308407,-1.3815956
49.14,63.2489,14.108902
49.14,63.2489,14.108902
61.739998,65.33553,3.5955353
55.71,62.848366,7.1383667
55.71,62.848366,7.1383667
64.15,65.373245,1.2232437
64.15,65.373245,1.2232437
64.71,64.40163,-0.3083725
38.83,50.96674,12.136738
38.83,50.96674,12.136738
38.83,50.96674,12.136738
70.17,65.97457,-4.195427
64.69,64.589676,-0.10032654
64.69,64.589676,-0.10032654
64.96001,65.4435,0.48349
60.530003,64.12017,3.590168
60.530003,64.12017,3.590168
68.36,64.91866,-3.4413376
68.36,64.91866,-3.4413376
61.379997,65.00782,3.6278229
61.379997,65.00782,3.6278229
53.289997,65.12201,11.832012
64.14,64.95218,0.81217957
67.869995,65.87278,-1.9972153
67.869995,65.87278,-1.9972153
59.2,65.718636,6.518635
59.2,65.718636,6.518635
65.72,65.52109,-0.19891357
56.22,65.21985,8.999847
56.22,65.21985,8.999847
62.85,65.35818,2.5081787
62.07,65.35072,3.2807236
62.07,65.35072,3.2807236
66.89,64.53625,-2.3537521
59.570004,64.9677,5.3976936
59.570004,64.9677,5.3976936
69.85,63.510113,-6.3398857
72.549995,60.743225,-11.80677
19.08,24.587559,5.507559
19.08,24.587559,5.507559
19.08,24.587559,5.507559
38.350002,34.135723,-4.214279
38.350002,34.135723,-4.214279
70.850006,65.00751,-5.842499
70.850006,65.00751,-5.842499
61.379997,65.1697,3.7897034
61.379997,65.1697,3.7897034
61.65,65.25391,3.6039047
61.65,65.25391,3.6039047
38.83,44.330692,5.5006905
38.83,44.330692,5.5006905
38.83,44.330692,5.5006905
23.31,21.91289,-1.39711
65.64,64.85369,-0.7863083
47.940002,61.42331,13.483307
47.940002,61.42331,13.483307
14.190001,21.793198,7.603197
14.190001,21.793198,7.603197
67.869995,65.58065,-2.2893448
67.869995,65.58065,-2.2893448
70.39,65.43587,-4.954132
70.39,65.43587,-4.954132
64.25,65.26422,1.0142212
70.93,65.462456,-5.4675446
70.93,65.462456,-5.4675446
43.43,63.886566,20.456566
43.43,63.886566,20.456566
54.76,64.49937,9.739368
29.19,21.521572,-7.6684284
29.19,21.521572,-7.6684284
49.14,45.06715,-4.0728493
49.14,45.06715,-4.0728493
66.189995,64.14303,-2.0469666
66.189995,64.14303,-2.0469666
63.010002,65.57307,2.5630646
69.07,65.09773,-3.9722672
45.91,28.530577,-17.379423
45.91,28.530577,-17.379423
25.85,33.179703,7.3297024
64.37,63.82612,-0.5438843
68.36,66.41135,-1.9486542
57.36,65.25051,7.8905106
57.36,65.25051,7.8905106
64.41,65.29398,0.8839798
63.47,64.958405,1.4884033
63.47,64.958405,1.4884033
64.33,61.82291,-2.5070915
64.33,61.82291,-2.5070915
70.850006,64.98299,-5.8670197
70.850006,64.98299,-5.8670197
61.21,64.66795,3.4579544
61.21,64.66795,3.4579544
65.92,65.632965,-0.28703308
65.92,65.632965,-0.28703308
65.92,65.632965,-0.28703308
65.37,65.136314,-0.23368835
68.049995,64.99238,-3.0576172
68.049995,64.99238,-3.0576172
70.740005,64.97804,-5.761963
70.740005,64.97804,-5.761963
68.26,65.21137,-3.0486298
61.67,65.41518,3.7451782
67.2,64.183464,-3.016533
67.2,64.183464,-3.016533
38.81,41.159576,2.349575
38.81,41.159576,2.349575
21.95,27.513435,5.5634346
21.95,27.513435,5.5634346
59.570004,65.526085,5.9560814
59.570004,65.526085,5.9560814
58.12,63.983177,5.8631783
58.12,63.983177,5.8631783
67.59,65.80086,-1.7891388
67.59,65.80086,-1.7891388
65.65,64.35129,-1.2987137
65.65,64.35129,-1.2987137
55.659996,65.73648,10.076485
68.36,63.425373,-4.9346275
68.36,63.425373,-4.9346275
55.71,65.23785,9.527847
55.71,65.23785,9.527847
61.39,65.00169,3.6116943
61.39,65.00169,3.6116943
72.74,65.74145,-6.9985504
70.93,65.364174,-5.5658264
70.93,65.364174,-5.5658264
69.5,65.58512,-3.9148788
65.3,64.74795,-0.55205536
57.25,60.98051,3.7305107
57.25,60.98051,3.7305107
57.25,60.98051,3.7305107
65.090004,65.689735,0.59973145
65.090004,65.689735,0.59973145
69.99,65.20701,-4.7829895
49.48,31.24947,-18.23053
49.48,31.24947,-18.23053
71.8,64.8204,-6.9796066
71.8,64.8204,-6.9796066
70.810005,65.41872,-5.3912888
70.810005,65.41872,-5.3912888
62.79,64.144585,1.3545837
61.489998,60.741848,-0.7481499
53.460003,58.990437,5.5304337
53.460003,58.990437,5.5304337
53.460003,58.990437,5.5304337
58.28,65.39828,7.1182785
38.81,34.45707,-4.352932
38.81,34.45707,-4.352932
67.59,64.71107,-2.8789291
67.59,64.71107,-2.8789291
12.91,21.362587,8.452587
12.91,21.362587,8.452587
12.91,21.362587,8.452587
64.630005,64.969604,0.3395996
64.630005,64.969604,0.3395996
67.2,65.61188,-1.5881195
67.2,65.61188,-1.5881195
71.76,65.05875,-6.701256
71.76,65.05875,-6.701256
64.840004,65.212,0.37199402
64.840004,65.212,0.37199402
62.260002,65.08115,2.821144
62.260002,65.08115,2.821144
62.42,65.43202,3.012024
62.42,65.43202,3.012024
63.39,63.23536,-0.1546402
60.79,64.92046,4.1304626
60.79,64.92046,4.1304626
60.79,64.92046,4.1304626
68.049995,65.36744,-2.6825562
68.049995,65.36744,-2.6825562
67.95,64.78676,-3.1632385
62.53,66.075516,3.545517
43.239998,29.308964,-13.931034
43.239998,29.308964,-13.931034
66.189995,64.5727,-1.6172943
66.189995,64.5727,-1.6172943
57.370003,62.498497,5.1284943
29.51,30.82144,1.3114395
29.51,30.82144,1.3114395
19.08,24.132706,5.052706
19.08,24.132706,5.052706
19.08,24.132706,5.052706
65.3,65.56845,0.26844788
65.3,65.56845,0.26844788
65.060005,64.57281,-0.48719788
65.060005,64.57281,-0.48719788
65.060005,64.593414,-0.46659088
65.060005,64.593414,-0.46659088
61.629997,65.133545,3.5035477
50.160004,62.327766,12.167763
65.42,65.40412,-0.01587677
65.42,65.40412,-0.01587677
66.17,65.607605,-0.5623932
66.17,65.607605,-0.5623932
38.550003,39.16346,0.6134567
38.550003,39.16346,0.6134567
63.550003,65.0288,1.4787979
63.550003,65.0288,1.4787979
19.45,21.63946,2.1894588
19.45,21.63946,2.1894588
64.840004,65.71158,0.8715744
64.840004,65.71158,0.8715744
60.79,64.92161,4.131607
60.79,64.92161,4.131607
60.79,64.92161,4.131607
19.08,32.82418,13.744181
19.08,32.82418,13.744181
19.08,32.82418,13.744181
65.3,65.84277,0.5427704
65.3,65.84277,0.5427704
60.26,66.18391,5.923908
60.26,66.18391,5.923908
65.240005,66.1915,0.9514923
57.25,64.31029,7.0602875
57.25,64.31029,7.0602875
57.25,64.31029,7.0602875
12.91,23.215641,10.305641
12.91,23.215641,10.305641
12.91,23.215641,10.305641
64.93,65.14191,0.21190643
64.93,65.14191,0.21190643
38.83,27.645565,-11.184437
38.83,27.645565,-11.184437
38.83,27.645565,-11.184437
67.92,65.861595,-2.058403
65.92,65.81333,-0.106666565
65.92,65.81333,-0.106666565
65.92,65.81333,-0.106666565
68.53,64.50596,-4.02404
66.25,66.09344,-0.1565628
60.96,65.950554,4.990555
43.43,37.796383,-5.6336174
43.43,37.796383,-5.6336174
12.91,21.496222,8.586222
12.91,21.496222,8.586222
12.91,21.496222,8.586222
55.699997,64.58728,8.887283
19.45,21.351551,1.9015503
19.45,21.351551,1.9015503
60.530003,65.6129,5.082897
60.530003,65.6129,5.082897
53.88,61.608963,7.728962
38.550003,45.528374,6.9783707
38.550003,45.528374,6.9783707
47.940002,65.08628,17.146278
47.940002,65.08628,17.146278
62.07,65.85159,3.7815933
62.07,65.85159,3.7815933
65.82,65.77421,-0.045791626
14.190001,29.372683,15.182682
14.190001,29.372683,15.182682
21.95,34.42861,12.478611
21.95,34.42861,12.478611
65.42,64.36744,-1.0525589
65.42,64.36744,-1.0525589
61.39,65.815,4.425003
61.39,65.815,4.425003
71.76,65.149796,-6.6102066
71.76,65.149796,-6.6102066
65.35,64.033516,-1.3164825
65.35,64.033516,-1.3164825
53.460003,51.53515,-1.9248543
53.460003,51.53515,-1.9248543
53.460003,51.53515,-1.9248543
61.21,65.55644,4.346443
61.21,65.55644,4.346443
65.090004,65.94163,0.85162354
65.090004,65.94163,0.85162354
66.82,63.490444,-3.3295555
38.640003,38.60705,-0.032951355
29.19,30.846247,1.6562462
29.19,30.846247,1.6562462
62.260002,60.38568,-1.874321
62.260002,60.38568,-1.874321
65.92,62.79139,-3.1286087
65.92,62.79139,-3.1286087
65.92,62.79139,-3.1286087
70.810005,64.607086,-6.202919
70.810005,64.607086,-6.202919
70.39,65.7339,-4.6560974
70.39,65.7339,-4.6560974
64.46,62.49862,-1.96138
64.46,62.49862,-1.96138
52.420002,62.398346,9.978344
52.420002,62.398346,9.978344
69.06,65.05319,-4.0068054
69.06,65.05319,-4.0068054
59.069996,61.552876,2.4828796
59.069996,61.552876,2.4828796
68.79,64.76805,-4.02195
60.78,63.580235,2.8002357
60.78,63.580235,2.8002357
56.739998,61.91681,5.176811
56.739998,61.91681,5.176811
69.46,65.79231,-3.6676865
69.46,65.79231,-3.6676865
60.829998,62.894123,2.064125
60.829998,62.894123,2.064125
60.829998,62.894123,2.064125
66.74,64.37317,-2.366829
66.74,64.37317,-2.366829
35.989998,34.87289,-1.1171074
35.989998,34.87289,-1.1171074
31.46,37.824387,6.3643875
31.46,37.824387,6.3643875
70.420006,64.65309,-5.7669144
70.420006,64.65309,-5.7669144
60.530003,63.613945,3.0839424
68.26,63.441147,-4.8188553
68.26,63.441147,-4.8188553
63.6,64.094955,0.49495697
63.6,64.094955,0.49495697
27.35,41.51575,14.1657505
27.35,41.51575,14.1657505
72.869995,63.723743,-9.146252
66.53,62.952103,-3.577896
66.53,62.952103,-3.577896
57.96,62.59759,4.6375923
57.96,62.59759,4.6375923
63.6,64.917496,1.3174973
63.6,64.917496,1.3174973
60.72,64.71728,3.9972763
60.72,64.71728,3.9972763
62.620003,64.826675,2.2066727
62.620003,64.826675,2.2066727
62.410004,62.90245,0.4924469
62.410004,62.90245,0.4924469
31.46,53.498657,22.038658
31.46,53.498657,22.038658
58.31,64.055046,5.7450447
63.410004,60.376038,-3.033966
63.410004,60.376038,-3.033966
65.7,64.25076,-1.449234
65.7,64.25076,-1.449234
49.219997,49.073257,-0.14673996
49.219997,49.073257,-0.14673996
65.31,64.57562,-0.734375
65.31,64.57562,-0.734375
62.660004,63.11773,0.45772552
62.660004,63.11773,0.45772552
69.23,64.84679,-4.383217
60.06,64.44088,4.3808784
60.06,64.44088,4.3808784
58.28,64.57236,6.2923584
60.72,64.2157,3.495697
60.72,64.2157,3.495697
71.69,64.30829,-7.381714
57.65,61.839985,4.1899834
57.65,61.839985,4.1899834
65.44,64.11856,-1.3214417
65.44,64.11856,-1.3214417
68.21,63.872707,-4.3372917
68.21,63.872707,-4.3372917
68.21,63.872707,-4.3372917
62.65,63.9004,1.2503967
65.58,65.0279,-0.55210114
65.58,65.0279,-0.55210114
65.54,64.03872,-1.5012817
66.43,63.687134,-2.7428665
66.43,63.687134,-2.7428665
65.58,63.877094,-1.7029076
65.58,63.877094,-1.7029076
61.739998,63.803707,2.0637093
61.739998,63.803707,2.0637093
64.850006,64.41293,-0.43707275
64.850006,64.41293,-0.43707275
57.090004,60.083252,2.993248
57.090004,60.083252,2.993248
63.940002,64.04634,0.1063385
70.48,64.69607,-5.7839355
72.08,64.83031,-7.249695
72.08,64.83031,-7.249695
57.67,61.69686,4.026863
57.67,61.69686,4.026863
57.67,61.69686,4.026863
67.549995,63.006012,-4.5439835
67.549995,63.006012,-4.5439835
63.47,63.830368,0.36036682
50.370003,60.913765,10.543762
50.370003,60.913765,10.543762
69.15,64.634445,-4.5155563
70.37,64.35248,-6.0175247
70.37,64.35248,-6.0175247
67.63,62.73295,-4.897049
67.63,62.73295,-4.897049
65.89,64.70004,-1.1899567
59.930004,64.7038,4.7737923
59.930004,64.7038,4.7737923
53.860004,61.185814,7.3258095
53.860004,61.185814,7.3258095
63.79,63.196236,-0.59376526
63.79,63.196236,-0.59376526
68.01,63.956696,-4.0533066
62.879997,61.386913,-1.493084
27.35,32.854263,5.504263
27.35,32.854263,5.504263
55.5,64.62518,9.125183
55.5,64.62518,9.125183
68.26,62.189873,-6.0701294
68.26,62.189873,-6.0701294
59.210003,62.196587,2.9865837
61.3,64.07821,2.7782097
61.3,64.07821,2.7782097
61.86,63.820415,1.9604149
68.34,64.59598,-3.7440186
68.34,64.59598,-3.7440186
66.119995,63.64162,-2.4783745
66.119995,63.64162,-2.4783745
57.67,62.876385,5.2063866
57.67,62.876385,5.2063866
61.989998,62.89431,0.90431213
61.989998,62.89431,0.90431213
65.44,63.526268,-1.9137344
65.44,63.526268,-1.9137344
58.25,64.90201,6.652008
67.06,65.1548,-1.9051971
64.72,65.654076,0.9340744
59.44,65.403984,5.9639854
59.44,65.403984,5.9639854
69.32,64.30512,-5.0148773
32.81,41.411366,8.601364
32.81,41.411366,8.601364
60.73,65.12028,4.390278
62.65,64.54054,1.8905411
61.57,64.30901,2.7390137
61.57,64.30901,2.7390137
66.31,64.73389,-1.5761108
69.770004,64.38878,-5.3812256
72.19,61.727016,-10.462986
72.19,61.727016,-10.462986
57.309998,64.55358,7.2435837
64.64,64.98698,0.34697723
59.969997,62.863636,2.8936386
59.969997,62.863636,2.8936386
68.12,64.55921,-3.560791
68.12,64.55921,-3.560791
65.45,64.04892,-1.4010773
65.45,64.04892,-1.4010773
61.58,63.561935,1.9819336
61.58,63.561935,1.9819336
64.62,64.759094,0.13909149
64.62,64.759094,0.13909149
67.59,65.21186,-2.3781357
67.59,65.21186,-2.3781357
65.0,61.71692,-3.283081
65.0,61.71692,-3.283081
65.0,61.71692,-3.283081
63.550003,64.67749,1.1274872
63.550003,64.67749,1.1274872
64.51,62.716084,-1.7939186
71.67,64.43646,-7.233536
60.62,58.78279,-1.8372078
60.62,58.78279,-1.8372078
67.59,64.7633,-2.8266983
67.59,64.7633,-2.8266983
59.77,62.87353,3.103531
59.77,62.87353,3.103531
65.88,63.870094,-2.009903
65.88,63.870094,-2.009903
67.979996,63.693905,-4.286091
67.979996,63.693905,-4.286091
55.68,62.9501,7.2700996
55.68,62.9501,7.2700996
68.82,63.467854,-5.352146
68.82,63.467854,-5.352146
66.42,64.327446,-2.0925522
66.42,64.327446,-2.0925522
62.519997,63.74034,1.2203445
68.21,64.51415,-3.6958466
68.21,64.51415,-3.6958466
68.21,64.51415,-3.6958466
55.67,62.871838,7.2018394
55.67,62.871838,7.2018394
70.36,65.107086,-5.2529144
70.36,65.107086,-5.2529144
39.18,40.66323,1.4832306
67.06,64.46559,-2.5944061
59.77,64.42967,4.659672
59.77,64.42967,4.659672
59.350002,63.123013,3.7730103
59.350002,63.123013,3.7730103
60.62,63.039516,2.4195175
60.62,63.039516,2.4195175
62.82,64.15773,1.3377304
62.82,64.15773,1.3377304
58.38,63.405586,5.025585
60.31,63.299786,2.9897842
60.31,63.299786,2.9897842
69.53,65.24981,-4.2801895
69.53,65.24981,-4.2801895
60.59,62.827568,2.237568
60.59,62.827568,2.237568
57.67,64.618416,6.9484177
57.67,64.618416,6.9484177
57.67,64.618416,6.9484177
68.159996,64.28464,-3.8753586
59.34,63.489902,4.1499023
62.589996,60.23512,-2.3548775
62.589996,60.23512,-2.3548775
62.660004,62.393402,-0.26660156
62.660004,62.393402,-0.26660156
57.370003,62.472027,5.102024
64.62,65.396286,0.77628326
64.62,65.396286,0.77628326
60.829998,63.806038,2.97604
60.829998,63.806038,2.97604
60.829998,63.806038,2.97604
50.14,63.567806,13.427807
50.14,63.567806,13.427807
62.840004,63.783157,0.9431534
66.409996,65.42285,-0.9871445
65.63,63.224106,-2.4058914
63.15,62.798523,-0.35147858
69.56,64.05493,-5.505066
55.67,62.370693,6.700695
55.67,62.370693,6.700695
66.78,65.350655,-1.4293442
71.25,63.491024,-7.758976
71.25,63.491024,-7.758976
67.63,64.236115,-3.3938828
67.63,64.236115,-3.3938828
57.22,64.27753,7.0575256
59.600002,64.168106,4.568104
47.01,38.461678,-8.548321
61.739998,64.44248,2.7024841
61.739998,64.44248,2.7024841
49.129997,32.31605,-16.813946
49.129997,32.31605,-16.813946
64.64,63.38253,-1.2574692
64.64,63.38253,-1.2574692
59.350002,65.08595,5.7359505
59.350002,65.08595,5.7359505
55.68,63.549465,7.869465
55.68,63.549465,7.869465
64.04,64.46254,0.42253876
49.129997,33.252834,-15.877163
49.129997,33.252834,-15.877163
57.22,63.313614,6.0936127
57.22,63.313614,6.0936127
69.12,65.312126,-3.8078766
59.41,62.07339,2.663391
59.41,62.07339,2.663391
39.64,41.450012,1.8100128
25.27,34.140102,8.870102
25.27,34.140102,8.870102
25.27,30.540007,5.270006
25.27,30.540007,5.270006
57.73,64.96985,7.239849
57.239998,63.980198,6.7402
57.239998,63.980198,6.7402
65.82,64.442986,-1.3770142
60.79,64.88474,4.094742
59.969997,60.826332,0.8563347
59.969997,60.826332,0.8563347
61.57,64.61416,3.044159
61.57,64.61416,3.044159
63.79,64.53772,0.7477188
63.79,64.53772,0.7477188
52.460003,64.40704,11.947041
52.460003,64.40704,11.947041
54.47,64.572975,10.102974
54.47,64.572975,10.102974
71.130005,65.469696,-5.660309
71.130005,65.469696,-5.660309
71.130005,65.469696,-5.660309
61.67,63.65633,1.9863319
61.67,63.65633,1.9863319
72.08,64.626305,-7.453697
72.08,64.626305,-7.453697
57.83,61.657608,3.8276062
68.159996,64.49078,-3.6692123
68.159996,64.49078,-3.6692123
61.96,63.83024,1.8702393
66.25,64.61994,-1.6300583
63.21,64.199844,0.9898453
63.21,64.199844,0.9898453
66.61,64.0569,-2.5531006
66.61,64.0569,-2.5531006
68.82,62.494774,-6.325226
68.82,62.494774,-6.325226
64.91,65.14842,0.23841858
64.91,65.14842,0.23841858
56.550003,63.530167,6.9801636
62.82,63.288246,0.46824646
62.82,63.288246,0.46824646
58.13,62.247402,4.117401
25.48,22.796444,-2.6835556
68.159996,64.462975,-3.6970215
68.159996,64.462975,-3.6970215
71.170006,64.06593,-7.1040726
63.75,63.76137,0.011371613
63.75,63.76137,0.011371613
65.07,64.97824,-0.09175873
64.64,65.059494,0.41949463
64.64,65.059494,0.41949463
62.15,64.195595,2.0455933
62.15,64.195595,2.0455933
70.65,64.470085,-6.1799164
70.65,64.470085,-6.1799164
62.82,63.855057,1.0350571
69.0,64.4919,-4.5081024
51.510002,60.107185,8.597183
60.8,59.03317,-1.7668304
63.35,65.63761,2.287613
69.53,64.493195,-5.036804
69.53,64.493195,-5.036804
35.84,62.72815,26.88815
35.84,62.72815,26.88815
72.27,64.822876,-7.4471207
53.26,59.965546,6.7055473
64.850006,62.71803,-2.131977
64.850006,62.71803,-2.131977
72.19,64.19742,-7.992584
72.19,64.19742,-7.992584
51.08,62.355404,11.275402
51.08,62.355404,11.275402
59.420002,65.1847,5.764698
59.420002,65.1847,5.764698
50.14,63.852722,13.712723
50.14,63.852722,13.712723
67.32,64.4331,-2.8869019
67.32,64.4331,-2.8869019
66.74,64.12251,-2.617485
66.74,64.12251,-2.617485
67.32,64.296616,-3.023384
67.32,64.296616,-3.023384
57.020004,63.660717,6.6407127
66.53,64.399574,-2.1304245
66.53,64.399574,-2.1304245
62.440002,64.1161,1.676094
67.57,64.22305,-3.3469467
67.57,64.22305,-3.3469467
37.81,43.17273,5.362728
63.35,64.840195,1.4901962
65.31,63.612747,-1.6972504
65.31,63.612747,-1.6972504
61.72,62.762947,1.0429459
49.219997,48.660534,-0.5594635
49.219997,48.660534,-0.5594635
51.49,64.7413,13.251301
68.32,64.763054,-3.5569458
65.49,64.677086,-0.812912
63.550003,64.27565,0.725647
63.550003,64.27565,0.725647
67.979996,64.489944,-3.4900513
67.979996,64.489944,-3.4900513
62.11,63.818188,1.7081871
71.11,64.04808,-7.06192
63.309998,64.45119,1.1411896
63.309998,64.45119,1.1411896
56.940002,62.86837,5.9283676
56.940002,62.86837,5.9283676
60.92,64.29517,3.3751755
60.92,64.29517,3.3751755
59.930004,64.87668,4.9466743
59.930004,64.87668,4.9466743
60.31,62.57835,2.2683487
60.31,62.57835,2.2683487
67.57,64.41033,-3.159668
67.57,64.41033,-3.159668
57.090004,62.57904,5.4890366
57.090004,62.57904,5.4890366
68.57,63.71319,-4.8568115
68.57,63.71319,-4.8568115
66.119995,64.37818,-1.7418137
66.119995,64.37818,-1.7418137
57.96,64.48682,6.5268173
57.96,64.48682,6.5268173
60.59,63.57755,2.9875488
60.59,63.57755,2.9875488
68.57,64.2786,-4.291397
68.57,64.2786,-4.291397
60.65,62.73452,2.0845184
60.65,62.73452,2.0845184
60.92,64.625854,3.7058563
60.92,64.625854,3.7058563
71.29,64.88936,-6.4006424
71.29,64.88936,-6.4006424
67.14,64.89495,-2.2450485
60.45,64.716545,4.2665443
60.45,64.716545,4.2665443
62.47,64.52563,2.055626
62.47,64.52563,2.055626
70.65,64.57516,-6.0748444
70.65,64.57516,-6.0748444
57.67,64.41336,6.7433624
57.67,64.41336,6.7433624
53.860004,63.95747,10.0974655
53.860004,63.95747,10.0974655
69.46,65.7717,-3.688301
69.46,65.7717,-3.688301
56.809998,63.740402,6.9304047
67.549995,62.045258,-5.504738
67.549995,62.045258,-5.504738
61.3,63.73803,2.4380302
61.3,63.73803,2.4380302
69.44,62.78853,-6.651474
69.44,62.78853,-6.651474
71.25,64.311935,-6.9380646
71.25,64.311935,-6.9380646
69.44,64.164345,-5.2756577
69.44,64.164345,-5.2756577
59.27,65.30635,6.0363503
68.12,64.83654,-3.2834625
68.12,64.83654,-3.2834625
62.15,64.64704,2.4970398
62.15,64.64704,2.4970398
62.410004,63.749695,1.3396912
62.410004,63.749695,1.3396912
54.47,55.440704,0.9707031
54.47,55.440704,0.9707031
62.58,64.34072,1.7607193
66.61,63.026722,-3.5832787
66.61,63.026722,-3.5832787
63.410004,64.36081,0.95080566
63.410004,64.36081,0.95080566
32.010002,37.299683,5.2896805
65.88,65.33236,-0.54763794
65.88,65.33236,-0.54763794
59.19,64.54499,5.354992
57.22,65.326294,8.106293
57.22,65.326294,8.106293
57.65,65.235344,7.5853424
57.65,65.235344,7.5853424
65.0,62.054276,-2.9457245
65.0,62.054276,-2.9457245
65.0,62.054276,-2.9457245
56.739998,63.96083,7.220833
56.739998,63.96083,7.220833
45.809998,39.528378,-6.28162
61.589996,63.569534,1.979538
61.67,61.676907,0.0069084167
61.67,61.676907,0.0069084167
32.81,40.38694,7.5769386
32.81,40.38694,7.5769386
59.41,64.6689,5.2588997
59.41,64.6689,5.2588997
59.960003,63.697296,3.7372932
60.65,63.22424,2.5742378
60.65,63.22424,2.5742378
60.2,63.891228,3.691227
60.2,63.891228,3.691227
66.479996,63.66789,-2.812107
59.420002,63.14386,3.7238579
59.420002,63.14386,3.7238579
54.16,61.850727,7.690727
65.45,64.876305,-0.5736923
65.45,64.876305,-0.5736923
67.78,65.03859,-2.7414093
62.589996,63.14959,0.5595932
59.069996,59.223503,0.15350723
59.069996,59.223503,0.15350723
65.0,64.05301,-0.94699097
65.0,64.05301,-0.94699097
65.0,64.05301,-0.94699097
69.31,63.759983,-5.5500145
62.17,64.39303,2.22303
61.989998,63.87823,1.8882332
61.989998,63.87823,1.8882332
61.43,64.41734,2.9873428
61.43,64.41734,2.9873428
70.36,64.988594,-5.3714066
70.36,64.988594,-5.3714066
62.47,64.67315,2.203148
62.47,64.67315,2.203148
65.31,63.670723,-1.6392746
65.31,63.670723,-1.6392746
66.43,63.335983,-3.094017
66.43,63.335983,-3.094017
68.34,64.71017,-3.6298294
68.34,64.71017,-3.6298294
60.2,63.408886,3.2088852
60.2,63.408886,3.2088852
63.190002,63.62593,0.43592834
55.5,65.37961,9.879608
55.5,65.37961,9.879608
64.16,64.335754,0.17575073
54.54,63.28138,8.741379
21.55,24.542276,2.9922771
62.620003,64.08427,1.4642639
62.620003,64.08427,1.4642639
60.45,64.26019,3.810192
60.45,64.26019,3.810192
61.11,64.14012,3.0301208
66.5,63.36338,-3.1366196
65.7,62.392937,-3.3070602
65.7,62.392937,-3.3070602
52.460003,63.68371,11.223705
52.460003,63.68371,11.223705
35.989998,31.537348,-4.45265
35.989998,31.537348,-4.45265
71.03001,63.28889,-7.7411156
56.940002,62.426697,5.4866943
56.940002,62.426697,5.4866943
66.04,64.062035,-1.9779663
66.04,64.062035,-1.9779663
60.06,64.019554,3.9595528
60.06,64.019554,3.9595528
49.62,62.6382,13.0182
67.34,64.52503,-2.8149643
57.67,62.293453,4.623455
57.67,62.293453,4.623455
57.67,62.293453,4.623455
70.83,64.14265,-6.687355
70.83,64.14265,-6.687355
61.58,62.8214,1.2413979
61.58,62.8214,1.2413979
62.6,63.72754,1.1275406
59.44,61.876415,2.4364166
63.75,60.147614,-3.6023865
63.75,60.147614,-3.6023865
67.7,64.06775,-3.632248
67.7,64.06775,-3.632248
71.29,64.58284,-6.707161
71.29,64.58284,-6.707161
60.43,63.2154,2.7854004
71.93,64.42771,-7.502289
65.12,60.22142,-4.8985825
70.83,64.59051,-6.2394943
67.78,64.12328,-3.6567154
70.37,66.39473,-3.9752731
70.37,66.39473,-3.9752731
67.7,64.091095,-3.608902
67.7,64.091095,-3.608902
63.21,64.213005,1.003006
63.21,64.213005,1.003006
66.42,61.700146,-4.7198524
66.42,61.700146,-4.7198524
69.880005,64.689545,-5.19046
66.04,63.779045,-2.2609558
66.04,63.779045,-2.2609558
61.0,62.867897,1.867897
52.420002,62.20907,9.789066
52.420002,62.20907,9.789066
38.12,46.9059,8.7859
61.85,64.499054,2.6490555
72.07,64.529526,-7.540474
69.41,59.296482,-10.113522
70.420006,64.91412,-5.5058823
70.420006,64.91412,-5.5058823
59.44,65.25308,5.8130836
59.44,65.25308,5.8130836
62.67,61.504406,-1.1655922
62.589996,64.0702,1.4802017
62.589996,64.0702,1.4802017
65.58,63.854073,-1.7259293
71.130005,65.181595,-5.94841
71.130005,65.181595,-5.94841
71.130005,65.181595,-5.94841
57.239998,64.91956,7.6795654
57.239998,64.91956,7.6795654
60.78,63.088028,2.3080292
60.78,63.088028,2.3080292
65.76,65.8418,0.08179474
66.95,64.63385,-2.3161469
35.84,35.84588,0.0058784485
35.84,35.84588,0.0058784485
51.08,59.199883,8.119881
51.08,59.199883,8.119881
50.370003,64.9341,14.564095
50.370003,64.9341,14.564095
60.85,64.77352,3.923523
62.660004,63.94398,1.2839775
62.660004,63.94398,1.2839775
65.53,64.754845,-0.7751541
68.21,64.93234,-3.2776566
68.21,64.93234,-3.2776566
68.21,64.93234,-3.2776566
70.83,64.04227,-6.787735
70.83,64.04227,-6.787735
66.32,64.89802,-1.4219818
52.179996,58.961308,6.781311
60.829998,64.744446,3.9144478
60.829998,64.744446,3.9144478
60.829998,64.744446,3.9144478
70.6,64.21896,-6.381035
64.91,63.19601,-1.7139931
64.91,63.19601,-1.7139931
63.510002,65.158035,1.6480331
63.309998,61.047245,-2.2627525
63.309998,61.047245,-2.2627525
64.46,65.28158,0.821579
64.46,65.28158,0.821579
69.06,65.23822,-3.8217773
69.06,65.23822,-3.8217773
62.660004,64.2857,1.6256943
62.660004,64.2857,1.6256943
59.49,64.471275,4.9812737
65.31,64.67327,-0.6367264
65.31,64.67327,-0.6367264
71.130005,63.543518,-7.586487
71.130005,63.543518,-7.586487
71.130005,63.543518,-7.586487
61.43,63.63063,2.2006302
61.43,63.63063,2.2006302
69.25,65.15147,-4.0985336
69.16,64.39162,-4.768387
65.07,63.14886,-1.9211388
70.58,62.993385,-7.5866165
70.58,62.993385,-7.5866165
57.66,63.81202,6.1520195
57.66,63.81202,6.1520195
61.17,63.356125,2.1861267
61.17,63.356125,2.1861267
34.13,33.653034,-0.47696686
67.2,64.00363,-3.1963654
67.2,64.00363,-3.1963654
64.35,64.73844,0.388443
64.43,65.034676,0.6046753
63.21,64.09804,0.88803864
63.21,64.09804,0.88803864
65.979996,63.520348,-2.4596481
65.979996,63.520348,-2.4596481
65.979996,63.520348,-2.4596481
68.1,64.16653,-3.9334717
59.280003,64.07313,4.793125
70.450005,63.893837,-6.5561676
66.75,63.019382,-3.7306175
59.16,62.58126,3.4212608
55.199997,64.223274,9.023277
55.199997,64.223274,9.023277
61.1,64.87699,3.7769928
65.979996,64.39067,-1.589325
65.979996,64.39067,-1.589325
65.979996,64.39067,-1.589325
65.26,63.67234,-1.5876617
65.26,63.67234,-1.5876617
14.27,35.750927,21.480927
14.27,35.750927,21.480927
14.27,35.750927,21.480927
59.920002,64.34985,4.4298515
59.920002,64.34985,4.4298515
59.920002,63.849754,3.9297523
59.920002,63.849754,3.9297523
70.270004,61.18127,-9.088734
70.270004,61.18127,-9.088734
63.4,64.1334,0.73339844
63.4,64.1334,0.73339844
67.2,61.64533,-5.5546684
67.2,61.64533,-5.5546684
22.51,44.35002,21.840021
22.51,44.35002,21.840021
61.23,63.43125,2.201252
61.23,63.43125,2.201252
55.6,63.090103,7.4901047
68.159996,64.97453,-3.185463
68.159996,64.97453,-3.185463
68.159996,64.97453,-3.185463
65.15,64.91237,-0.23763275
65.15,64.91237,-0.23763275
23.24,33.730206,10.490206
63.660004,62.8617,-0.7983055
63.660004,62.8617,-0.7983055
65.979996,63.794647,-2.1853485
65.979996,63.794647,-2.1853485
65.979996,63.794647,-2.1853485
68.159996,60.943634,-7.216362
68.159996,60.943634,-7.216362
68.159996,60.943634,-7.216362
57.66,64.04613,6.3861275
57.66,64.04613,6.3861275
14.27,23.70305,9.43305
14.27,23.70305,9.43305
14.27,23.70305,9.43305
70.83,64.00515,-6.824852
68.159996,64.18995,-3.970047
68.159996,64.18995,-3.970047
68.159996,64.18995,-3.970047
56.489998,61.468178,4.97818
56.489998,61.468178,4.97818
33.76,38.133797,4.3737984
33.76,38.133797,4.3737984
67.03,64.13431,-2.895691
67.03,64.13431,-2.895691
61.23,64.252525,3.0225258
61.23,64.252525,3.0225258
63.410004,63.832016,0.42201233
71.94,62.469555,-9.470448
71.94,62.469555,-9.470448
46.51,34.985153,-11.524845
56.82,61.073868,4.253868
67.17,60.909695,-6.2603035
63.21,63.944626,0.73462677
63.21,63.944626,0.73462677
63.25,64.27707,1.0270691
65.26,64.73775,-0.52225494
65.26,64.73775,-0.52225494
71.94,64.329544,-7.6104584
71.94,64.329544,-7.6104584
28.36,34.322254,5.9622536
28.36,34.322254,5.9622536
65.6,63.712616,-1.8873825
65.6,63.712616,-1.8873825
22.51,24.474758,1.9647579
22.51,24.474758,1.9647579
70.32,64.41766,-5.902336
70.32,64.41766,-5.902336
70.32,64.41766,-5.902336
64.72,62.958546,-1.7614555
64.700005,61.403137,-3.2968674
64.700005,61.403137,-3.2968674
41.72,38.22982,-3.490181
41.72,38.22982,-3.490181
65.23,62.515884,-2.714119
14.27,28.19668,13.92668
14.27,28.19668,13.92668
14.27,28.19668,13.92668
67.5,63.210922,-4.2890778
66.6,64.18695,-2.4130478
63.010002,62.00265,-1.0073509
61.440002,64.10876,2.6687546
61.440002,64.10876,2.6687546
67.03,64.34747,-2.6825256
67.03,64.34747,-2.6825256
36.379997,31.04424,-5.3357563
41.72,35.475777,-6.2442245
41.72,35.475777,-6.2442245
63.660004,63.819443,0.15943909
63.660004,63.819443,0.15943909
70.32,63.698208,-6.621792
70.32,63.698208,-6.621792
70.32,63.698208,-6.621792
63.4,63.059628,-0.340374
63.4,63.059628,-0.340374
70.83,64.37953,-6.45047
64.51,64.440346,-0.06965637
70.490005,63.53301,-6.956997
60.72,64.58511,3.8651123
59.87,63.716633,3.846634
59.87,63.716633,3.846634
67.31,63.695137,-3.6148605
67.31,63.695137,-3.6148605
59.87,62.97829,3.1082916
59.87,62.97829,3.1082916
62.79,63.734787,0.9447861
62.79,63.734787,0.9447861
66.729996,64.55418,-2.1758194
61.03,63.9781,2.948101
60.98,64.2416,3.2616005
61.440002,60.68113,-0.758873
61.440002,60.68113,-0.758873
70.32,63.879513,-6.440487
70.32,63.879513,-6.440487
70.32,63.879513,-6.440487
62.79,63.6272,0.83720016
62.79,63.6272,0.83720016
55.199997,64.01213,8.812134
55.199997,64.01213,8.812134
64.700005,63.054733,-1.6452713
64.700005,63.054733,-1.6452713
28.36,36.636703,8.276703
28.36,36.636703,8.276703
65.15,65.01952,-0.1304779
65.15,65.01952,-0.1304779
33.76,25.444138,-8.315861
33.76,25.444138,-8.315861
61.17,61.836285,0.66628647
61.17,61.836285,0.66628647
34.53,26.815533,-7.714466
44.710003,63.902153,19.19215
70.58,63.575424,-7.0045776
70.58,63.575424,-7.0045776
70.270004,63.43956,-6.8304443
70.270004,63.43956,-6.8304443
31.259998,32.760807,1.5008087
63.86,64.094696,0.23469543
65.6,62.61633,-2.9836693
65.6,62.61633,-2.9836693
67.31,63.781883,-3.5281143
67.31,63.781883,-3.5281143
56.489998,63.465427,6.9754295
56.489998,63.465427,6.9754295
69.450005,64.819725,-4.6302795
59.69,64.4552,4.7652016
59.69,64.4552,4.7652016
50.050003,64.02584,13.975838
50.050003,64.02584,13.975838
58.31,63.41651,5.10651
58.31,63.41651,5.10651
59.24,63.719116,4.4791145
59.24,63.719116,4.4791145
70.96,64.98107,-5.9789276
70.96,64.98107,-5.9789276
60.96,64.26673,3.3067322
60.96,64.26673,3.3067322
68.52,66.05041,-2.4695892
65.21,64.242004,-0.9679947
65.21,64.242004,-0.9679947
66.409996,65.821304,-0.5886917
60.62,65.458206,4.8382072
58.01,63.442986,5.432987
58.01,63.442986,5.432987
69.25,64.90803,-4.3419724
69.25,64.90803,-4.3419724
56.660004,64.80332,8.143318
56.660004,64.80332,8.143318
63.15,65.16015,2.010147
52.850002,60.70304,7.853039
59.109997,64.75033,5.6403313
59.109997,64.75033,5.6403313
63.590004,65.52589,1.9358826
63.590004,65.52589,1.9358826
66.64,65.722664,-0.9173355
66.64,65.722664,-0.9173355
58.01,64.85527,6.845272
58.01,64.85527,6.845272
70.37,66.396225,-3.9737778
70.37,66.396225,-3.9737778
64.130005,64.85217,0.72216797
64.130005,64.85217,0.72216797
65.55,64.3809,-1.1691055
65.55,64.3809,-1.1691055
66.159996,62.061535,-4.098461
66.159996,62.061535,-4.098461
48.94,40.49576,-8.444237
48.94,40.49576,-8.444237
62.840004,65.5824,2.7423935
69.880005,64.804504,-5.0755005
65.5,65.26702,-0.23297882
62.879997,64.6554,1.7754059
62.879997,64.6554,1.7754059
61.35,65.0939,3.743904
61.35,65.0939,3.743904
63.53,65.007286,1.4772873
63.160004,64.270836,1.1108322
63.160004,64.270836,1.1108322
59.109997,65.48655,6.3765526
59.109997,65.48655,6.3765526
72.92,65.240486,-7.679512
72.92,65.240486,-7.679512
40.18,25.20271,-14.977291
65.26,65.818146,0.5581436
65.26,65.818146,0.5581436
63.739998,62.89556,-0.84443665
63.739998,62.89556,-0.84443665
63.739998,62.89556,-0.84443665
62.339996,65.295616,2.9556198
72.19,64.950874,-7.239128
72.19,64.950874,-7.239128
67.96,64.79468,-3.1653214
67.96,64.79468,-3.1653214
65.81,64.3911,-1.4188995
65.81,64.3911,-1.4188995
57.760002,64.825806,7.0658035
57.760002,64.825806,7.0658035
65.67,62.429504,-3.2404938
65.67,62.429504,-3.2404938
66.43,65.334465,-1.0955353
60.51,62.695225,2.1852264
60.51,62.695225,2.1852264
65.36,62.227676,-3.1323242
65.36,62.227676,-3.1323242
64.62,61.509556,-3.110447
62.72,64.467445,1.7474442
62.72,64.467445,1.7474442
63.58,65.24716,1.66716
63.58,65.24716,1.66716
61.18,64.86272,3.6827164
61.18,64.86272,3.6827164
67.439995,63.524216,-3.915779
26.460001,23.565353,-2.8946476
63.22,65.056786,1.8367844
63.22,65.056786,1.8367844
63.059998,64.10624,1.0462418
63.059998,64.10624,1.0462418
54.22,65.96058,11.740578
54.22,65.96058,11.740578
57.57,61.32399,3.7539902
57.57,61.32399,3.7539902
68.49,65.08957,-3.4004288
67.64,63.86159,-3.778408
67.64,63.86159,-3.778408
70.28,66.4704,-3.8096008
70.28,66.4704,-3.8096008
65.11,65.40927,0.29927063
65.11,65.40927,0.29927063
50.82,58.643795,7.8237953
50.82,58.643795,7.8237953
65.26,64.36243,-0.8975754
65.26,64.36243,-0.8975754
67.72,64.7552,-2.964798
60.98,66.02558,5.045582
60.98,66.02558,5.045582
60.98,66.02558,5.045582
60.98,66.02558,5.045582
66.329994,65.199554,-1.1304398
66.329994,65.199554,-1.1304398
63.550003,65.68117,2.1311646
63.550003,65.68117,2.1311646
63.550003,65.68117,2.1311646
68.48,62.157803,-6.322201
68.48,62.157803,-6.322201
64.07,65.737686,1.6676865
64.07,65.737686,1.6676865
60.579998,65.06224,4.4822426
60.579998,65.06224,4.4822426
70.69,65.8003,-4.889702
70.69,65.8003,-4.889702
62.050003,65.56212,3.5121155
62.050003,65.56212,3.5121155
61.35,62.274307,0.9243088
61.35,62.274307,0.9243088
67.39,65.06394,-2.3260574
67.39,65.06394,-2.3260574
59.24,65.2367,5.9967003
60.219997,65.76858,5.54858
60.219997,65.76858,5.54858
45.489998,35.807823,-9.682175
45.489998,35.807823,-9.682175
66.329994,65.49745,-0.8325424
66.329994,65.49745,-0.8325424
60.8,64.75479,3.954792
60.8,64.75479,3.954792
68.87,65.32962,-3.5403824
68.87,65.32962,-3.5403824
72.99,65.73259,-7.257408
72.99,65.73259,-7.257408
57.760002,60.58853,2.8285294
57.760002,60.58853,2.8285294
65.7,61.353104,-4.3468933
65.7,61.353104,-4.3468933
65.240005,65.0457,-0.19430542
61.09,64.576225,3.4862251
61.09,64.576225,3.4862251
61.09,64.576225,3.4862251
61.0,65.430336,4.430336
61.0,65.430336,4.430336
68.22,62.18363,-6.0363693
68.22,62.18363,-6.0363693
64.880005,64.83003,-0.049972534
64.590004,65.57032,0.98031616
64.590004,65.57032,0.98031616
62.08,64.95835,2.8783493
71.770004,63.05805,-8.711956
71.770004,63.05805,-8.711956
65.03,64.52802,-0.501976
55.299995,62.43106,7.1310654
55.299995,62.43106,7.1310654
57.57,63.47719,5.9071884
57.57,63.47719,5.9071884
64.82,64.937035,0.11703491
67.64,65.05401,-2.585991
67.64,65.05401,-2.585991
50.68,61.86764,11.187641
50.68,61.86764,11.187641
64.54,64.633194,0.093193054
64.54,64.633194,0.093193054
62.120003,64.293846,2.1738434
62.840004,64.42019,1.5801849
72.19,66.21598,-5.974022
72.19,66.21598,-5.974022
60.98,60.665695,-0.31430435
60.98,60.665695,-0.31430435
60.98,60.665695,-0.31430435
60.98,60.665695,-0.31430435
66.159996,63.176895,-2.983101
66.159996,63.176895,-2.983101
48.53,42.69396,-5.8360405
48.53,42.69396,-5.8360405
60.55,64.24667,3.6966743
60.55,64.24667,3.6966743
67.39,61.652725,-5.737274
67.39,61.652725,-5.737274
62.339996,65.15921,2.8192139
62.339996,65.15921,2.8192139
64.47,64.54109,0.0710907
64.47,64.54109,0.0710907
62.309998,65.50768,3.1976852
62.309998,65.50768,3.1976852
62.300003,64.90293,2.6029282
66.159996,64.99322,-1.1667786
66.159996,64.99322,-1.1667786
58.13,62.562584,4.432583
58.13,62.562584,4.432583
63.760002,63.363914,-0.39608765
63.760002,63.363914,-0.39608765
60.8,64.43837,3.6383705
60.8,64.43837,3.6383705
62.879997,65.268394,2.3883972
62.879997,65.268394,2.3883972
54.51,61.454784,6.944786
54.51,61.454784,6.944786
61.18,65.703094,4.523094
61.18,65.703094,4.523094
38.45,38.823914,0.3739128
38.45,38.823914,0.3739128
70.560005,65.10286,-5.4571457
72.92,65.38315,-7.53685
72.92,65.38315,-7.53685
59.02,61.96339,2.94339
63.07,65.62143,2.5514297
63.07,65.62143,2.5514297
63.370003,65.30643,1.9364243
63.370003,65.30643,1.9364243
67.69,63.85714,-3.8328629
67.69,63.85714,-3.8328629
62.300003,63.45883,1.1588287
62.300003,63.45883,1.1588287
58.26,65.20351,6.943508
58.26,65.20351,6.943508
69.51,64.945015,-4.564987
67.69,64.98932,-2.7006836
67.69,64.98932,-2.7006836
51.25,59.081768,7.831768
71.03001,65.45915,-5.570854
66.009995,65.35294,-0.6570511
66.53,62.623196,-3.9068031
66.53,62.623196,-3.9068031
64.01,64.97502,0.9650192
61.409996,64.3239,2.9139023
58.31,65.07384,6.763836
58.31,65.07384,6.763836
67.92,63.776867,-4.1431313
67.92,63.776867,-4.1431313
64.450005,65.64789,1.1978836
61.440002,65.721245,4.2812424
60.8,63.53679,2.7367897
63.97,64.91008,0.94007874
63.97,64.91008,0.94007874
62.64,62.06078,-0.5792198
62.64,62.06078,-0.5792198
54.36,57.554955,3.194954
54.36,57.554955,3.194954
69.43,63.85287,-5.5771294
69.43,63.85287,-5.5771294
65.55,66.03239,0.48238373
65.55,66.03239,0.48238373
72.84,65.00058,-7.8394165
72.84,65.00058,-7.8394165
66.63,63.342422,-3.2875748
66.63,63.342422,-3.2875748
70.19,64.793846,-5.3961563
70.19,64.793846,-5.3961563
59.750004,65.77661,6.0266075
59.750004,65.77661,6.0266075
68.28,64.318535,-3.961464
67.29,64.99171,-2.298294
67.29,64.99171,-2.298294
71.72,64.47211,-7.2478943
71.72,64.47211,-7.2478943
45.489998,55.776512,10.286514
45.489998,55.776512,10.286514
60.96,65.24962,4.2896194
60.96,65.24962,4.2896194
70.18,65.27863,-4.901367
62.840004,65.19193,2.3519287
72.84,65.21052,-7.6294785
72.84,65.21052,-7.6294785
71.81,65.410706,-6.399292
71.81,65.410706,-6.399292
59.649998,63.78973,4.1397324
59.649998,63.78973,4.1397324
68.93,65.24169,-3.6883087
68.93,65.24169,-3.6883087
62.03,65.35793,3.3279343
62.03,65.35793,3.3279343
68.409996,63.24463,-5.165367
68.409996,63.24463,-5.165367
64.08,63.837086,-0.2429161
62.36,63.03414,0.67414093
62.36,63.03414,0.67414093
64.700005,65.37889,0.6788864
42.59,35.03547,-7.554531
62.309998,65.84403,3.5340347
62.309998,65.84403,3.5340347
62.949997,65.48283,2.5328293
62.949997,65.48283,2.5328293
66.63,63.83328,-2.7967186
66.63,63.83328,-2.7967186
70.66,65.96701,-4.692993
70.66,65.96701,-4.692993
66.59,65.456604,-1.1333923
66.59,65.456604,-1.1333923
44.46,42.33504,-2.124958
63.61,64.110466,0.5004654
63.61,64.110466,0.5004654
66.71,64.67607,-2.033928
68.409996,64.80552,-3.604477
68.409996,64.80552,-3.604477
72.619995,66.345894,-6.2741013
72.619995,66.345894,-6.2741013
62.64,61.336143,-1.3038559
62.64,61.336143,-1.3038559
63.760002,63.693737,-0.066265106
63.760002,63.693737,-0.066265106
69.520004,63.9383,-5.581703
69.520004,63.9383,-5.581703
61.690002,66.46396,4.7739563
64.21,65.33665,1.126648
64.21,65.33665,1.126648
61.97,65.042885,3.0728836
61.97,65.042885,3.0728836
61.799995,65.73741,3.937416
59.750004,65.81435,6.0643425
59.750004,65.81435,6.0643425
62.18,65.52722,3.3472214
62.18,65.52722,3.3472214
65.020004,65.59266,0.5726547
65.380005,65.25587,-0.12413788
62.519997,64.82025,2.3002548
62.519997,64.82025,2.3002548
55.299995,65.51253,10.212532
55.299995,65.51253,10.212532
59.649998,65.31691,5.666912
63.47,65.76375,2.293747
63.47,65.76375,2.293747
69.65,65.88656,-3.763443
69.65,65.88656,-3.763443
70.17,65.17395,-4.996048
48.94,55.078148,6.1381493
48.94,55.078148,6.1381493
69.43,64.37002,-5.0599823
69.43,64.37002,-5.0599823
69.950005,65.31103,-4.638977
63.28,63.792645,0.5126457
67.159996,65.54798,-1.6120148
62.019997,65.37053,3.3505325
62.019997,65.37053,3.3505325
64.840004,66.069046,1.229042
62.879997,65.71903,2.839035
62.879997,65.71903,2.839035
68.22,65.00273,-3.21727
68.22,65.00273,-3.21727
56.43,61.687363,5.2573624
65.07,65.87401,0.8040085
68.85,64.57507,-4.274925
68.85,64.57507,-4.274925
55.85,61.39324,5.5432434
55.85,61.39324,5.5432434
59.81,63.520576,3.710575
59.81,63.520576,3.710575
64.21,65.70903,1.4990311
64.21,65.70903,1.4990311
40.29,33.4388,-6.8512
40.29,33.4388,-6.8512
69.590004,66.61209,-2.977913
69.590004,66.61209,-2.977913
66.64,65.3261,-1.3138962
66.64,65.3261,-1.3138962
70.28,65.17095,-5.109047
70.28,65.17095,-5.109047
64.93,65.62215,0.6921463
64.93,65.62215,0.6921463
69.16,64.48425,-4.6757507
69.16,64.48425,-4.6757507
67.69,64.5592,-3.130806
67.69,64.5592,-3.130806
65.72,64.04067,-1.6793289
60.9,64.79551,3.8955078
30.59,33.60896,3.018959
59.74,63.7883,4.048298
54.22,65.65975,11.439751
54.22,65.65975,11.439751
68.7,60.58746,-8.112537
68.7,60.58746,-8.112537
64.590004,65.25093,0.6609268
64.590004,65.25093,0.6609268
72.32,65.91952,-6.400482
72.32,65.91952,-6.400482
68.67,65.7736,-2.8964005
68.67,65.7736,-2.8964005
62.449997,64.41658,1.9665833
62.449997,64.41658,1.9665833
40.29,23.9043,-16.3857
40.29,23.9043,-16.3857
68.67,66.19497,-2.475029
68.67,66.19497,-2.475029
62.449997,63.832916,1.3829193
62.449997,63.832916,1.3829193
71.090004,64.18432,-6.9056854
41.98,39.167133,-2.8128662
62.18,66.69122,4.511223
62.18,66.69122,4.511223
50.050003,59.472664,9.422661
50.050003,59.472664,9.422661
72.71,65.82642,-6.8835754
72.71,65.82642,-6.8835754
65.7,65.98831,0.28831482
65.7,65.98831,0.28831482
62.36,64.73186,2.3718567
62.36,64.73186,2.3718567
38.45,36.430313,-2.0196877
38.45,36.430313,-2.0196877
59.539997,64.31834,4.7783394
66.45,65.78467,-0.665329
65.3,65.173515,-0.12648773
60.219997,66.12482,5.9048195
60.219997,66.12482,5.9048195
58.13,60.73848,2.6084785
58.13,60.73848,2.6084785
67.69,63.57567,-4.114334
67.69,63.57567,-4.114334
54.36,60.698025,6.338024
54.36,60.698025,6.338024
61.0,64.68476,3.684761
61.0,64.68476,3.684761
68.7,66.018364,-2.681633
68.7,66.018364,-2.681633
67.74,65.87925,-1.8607483
67.74,65.87925,-1.8607483
72.579994,64.31965,-8.260345
61.809998,62.024326,0.21432877
61.809998,62.024326,0.21432877
65.67,64.58722,-1.0827789
65.67,64.58722,-1.0827789
67.049995,65.14651,-1.9034882
67.049995,65.14651,-1.9034882
64.07,64.3516,0.28160095
64.07,64.3516,0.28160095
71.33,65.28257,-6.047432
71.33,65.28257,-6.047432
65.51,63.01634,-2.4936638
63.47,64.44224,0.97223663
63.47,64.44224,0.97223663
65.65,58.739426,-6.910576
65.65,58.739426,-6.910576
46.94,64.24403,17.304035
62.879997,65.774765,2.8947678
62.879997,65.774765,2.8947678
64.47,63.12614,-1.3438606
64.47,63.12614,-1.3438606
63.270004,64.74205,1.4720459
60.98,65.93794,4.957943
60.98,65.93794,4.957943
60.98,65.93794,4.957943
60.98,65.93794,4.957943
62.9,62.550354,-0.34964752
59.649998,59.782116,0.13211823
59.649998,59.782116,0.13211823
64.93,65.581055,0.6510544
64.93,65.581055,0.6510544
65.25,65.74275,0.49275208
65.25,65.74275,0.49275208
67.29,65.25551,-2.0344925
67.92,64.52396,-3.3960419
67.92,64.52396,-3.3960419
65.11,65.864426,0.75442505
65.11,65.864426,0.75442505
71.46,64.68138,-6.778618
70.090004,65.07766,-5.0123444
65.36,66.56443,1.2044296
65.36,66.56443,1.2044296
65.07,65.06843,-0.0015716553
61.6,65.10133,3.5013351
61.6,65.10133,3.5013351
69.700005,65.81406,-3.8859482
69.700005,65.81406,-3.8859482
66.24,63.163597,-3.0764008
66.24,63.163597,-3.0764008
69.83,65.05736,-4.772644
62.03,64.40942,2.3794174
62.03,64.40942,2.3794174
62.519997,65.696945,3.1769485
62.519997,65.696945,3.1769485
65.65,65.33744,-0.31256104
69.25,65.28492,-3.9650803
69.25,65.28492,-3.9650803
64.54,64.672005,0.13200378
64.54,64.672005,0.13200378
64.41,65.26932,0.85931396
64.41,65.26932,0.85931396
69.6,65.13793,-4.4620667
69.6,65.13793,-4.4620667
64.54,62.94916,-1.5908394
64.54,62.94916,-1.5908394
63.160004,65.29158,2.1315765
63.160004,65.29158,2.1315765
64.94,64.03524,-0.90476227
63.71,64.45365,0.74365234
63.71,64.45365,0.74365234
56.660004,62.968857,6.308853
56.660004,62.968857,6.308853
63.590004,64.4674,0.87739563
63.590004,64.4674,0.87739563
71.25,64.95203,-6.2979736
65.909996,65.273834,-0.6361618
65.909996,65.273834,-0.6361618
69.67,64.84714,-4.8228607
61.6,64.484314,2.8843155
61.6,64.484314,2.8843155
68.11,65.547615,-2.5623856
65.85,64.45488,-1.3951187
70.36,63.468506,-6.8914948
70.36,63.468506,-6.8914948
69.9,65.14179,-4.758209
60.51,64.48773,3.9777336
60.51,64.48773,3.9777336
62.86,64.26417,1.4041672
71.240005,65.880806,-5.3591995
63.550003,64.26175,0.7117462
63.550003,64.26175,0.7117462
63.550003,64.26175,0.7117462
65.45,65.50911,0.05911255
72.659996,65.58883,-7.071167
72.0,65.06795,-6.9320526
69.65,65.83547,-3.8145294
69.65,65.83547,-3.8145294
63.200005,61.734356,-1.4656487
28.69,36.25548,7.565481
28.69,36.25548,7.565481
62.6,62.132496,-0.4675026
72.32,64.92784,-7.3921585
72.32,64.92784,-7.3921585
60.95,64.20086,3.2508583
71.590004,63.157963,-8.432041
71.590004,63.157963,-8.432041
72.159996,66.10124,-6.058754
72.159996,66.10124,-6.058754
71.65,64.978615,-6.6713867
62.300003,63.942326,1.6423225
62.300003,63.942326,1.6423225
68.4,65.48655,-2.9134521
67.29,65.84308,-1.4469223
67.29,65.84308,-1.4469223
71.770004,65.125145,-6.6448593
71.770004,65.125145,-6.6448593
68.85,66.114555,-2.735443
68.85,66.114555,-2.735443
64.51,63.641155,-0.8688469
65.42,63.102722,-2.317276
62.18,64.864685,2.6846848
70.61,64.87484,-5.735161
70.61,64.87484,-5.735161
63.739998,65.970955,2.230957
63.739998,65.970955,2.230957
63.739998,65.970955,2.230957
55.43,54.859753,-0.57024765
55.43,54.859753,-0.57024765
63.71,65.88259,2.1725922
63.71,65.88259,2.1725922
65.729996,66.36547,0.63547516
65.729996,66.36547,0.63547516
68.48,64.138504,-4.3414993
68.48,64.138504,-4.3414993
67.13,64.286514,-2.843483
67.13,64.286514,-2.843483
60.01,64.70786,4.6978645
62.019997,61.95795,-0.06204605
62.019997,61.95795,-0.06204605
64.130005,59.872963,-4.257042
64.130005,59.872963,-4.257042
68.93,65.410126,-3.5198746
68.93,65.410126,-3.5198746
67.96,65.94259,-2.0174103
67.96,65.94259,-2.0174103
61.01,65.58243,4.5724297
55.85,65.65193,9.801933
55.85,65.65193,9.801933
65.07,65.73379,0.66378784
56.32,55.70543,-0.6145706
61.97,66.03915,4.069145
65.81,64.16473,-1.6452713
65.81,64.16473,-1.6452713
64.54,64.83058,0.29058075
64.54,64.83058,0.29058075
71.81,65.193504,-6.616493
71.81,65.193504,-6.616493
71.33,65.36643,-5.9635696
71.33,65.36643,-5.9635696
60.98,65.307846,4.3278465
60.98,65.307846,4.3278465
60.98,65.307846,4.3278465
60.98,65.307846,4.3278465
67.13,64.80166,-2.3283386
67.13,64.80166,-2.3283386
63.22,66.230484,3.0104828
63.22,66.230484,3.0104828
63.97,65.19657,1.2265701
63.97,65.19657,1.2265701
65.55,64.87474,-0.67526245
65.55,64.87474,-0.67526245
72.71,65.95258,-6.757416
72.71,65.95258,-6.757416
57.46,64.62423,7.1642303
70.420006,64.869675,-5.550331
72.619995,65.22632,-7.3936768
72.619995,65.22632,-7.3936768
71.28,66.46229,-4.817711
64.69,64.86658,0.1765747
62.72,64.16709,1.4470901
62.72,64.16709,1.4470901
62.949997,65.75176,2.8017654
62.949997,65.75176,2.8017654
67.049995,65.52899,-1.5210037
67.049995,65.52899,-1.5210037
60.579998,65.99944,5.419445
60.579998,65.99944,5.419445
65.729996,64.8412,-0.88879395
65.729996,64.8412,-0.88879395
50.82,61.74404,10.924042
50.82,61.74404,10.924042
67.409996,64.88548,-2.5245132
63.739998,65.549416,1.8094177
63.739998,65.549416,1.8094177
63.739998,65.549416,1.8094177
71.590004,65.567375,-6.022629
71.590004,65.567375,-6.022629
70.83,65.06093,-5.7690735
64.14,65.33651,1.1965103
59.81,65.4589,5.648899
59.81,65.4589,5.648899
70.19,65.473076,-4.7169266
70.19,65.473076,-4.7169266
60.43,64.911064,4.481064
65.57,65.409096,-0.16090393
66.28999,64.96005,-1.3299408
66.28999,64.96005,-1.3299408
59.69,64.17673,4.4867287
59.69,64.17673,4.4867287
66.369995,62.35674,-4.013256
66.369995,62.35674,-4.013256
65.25,64.52481,-0.7251892
65.25,64.52481,-0.7251892
72.159996,65.3397,-6.8202972
72.159996,65.3397,-6.8202972
68.67,62.004627,-6.665371
63.550003,65.095634,1.5456314
63.550003,65.095634,1.5456314
63.550003,65.095634,1.5456314
70.96,65.777306,-5.1826935
70.96,65.777306,-5.1826935
63.86,65.237335,1.3773346
60.9,65.46445,4.5644455
63.340004,63.433075,0.093070984
63.93,65.88348,1.953476
71.72,64.9823,-6.7377014
71.72,64.9823,-6.7377014
67.9,65.66853,-2.2314682
67.9,65.66853,-2.2314682
50.68,62.775932,12.095932
50.68,62.775932,12.095932
71.42,65.69924,-5.7207565
61.629997,65.29667,3.6666718
61.629997,65.29667,3.6666718
69.590004,65.87483,-3.7151718
69.590004,65.87483,-3.7151718
66.53,65.60066,-0.92933655
66.53,65.60066,-0.92933655
61.809998,64.66453,2.8545303
61.809998,64.66453,2.8545303
66.24,65.70625,-0.5337448
66.24,65.70625,-0.5337448
63.61,64.96173,1.3517303
63.61,64.96173,1.3517303
66.369995,62.32961,-4.040386
66.369995,62.32961,-4.040386
51.6,59.797104,8.197105
63.58,66.158714,2.5787125
63.58,66.158714,2.5787125
65.63,65.732605,0.10260773
65.63,65.732605,0.10260773
65.909996,65.17666,-0.7333374
65.909996,65.17666,-0.7333374
70.36,65.179,-5.1809998
70.36,65.179,-5.1809998
68.87,65.02875,-3.8412552
68.87,65.02875,-3.8412552
64.41,64.52258,0.112579346
64.41,64.52258,0.112579346
53.860004,59.589256,5.729252
48.53,50.800602,2.2706032
48.53,50.800602,2.2706032
69.16,65.5348,-3.625206
69.16,65.5348,-3.625206
66.28999,64.75409,-1.5359039
66.28999,64.75409,-1.5359039
66.64,64.29621,-2.3437881
66.64,64.29621,-2.3437881
67.64,64.474014,-3.165985
67.64,64.474014,-3.165985
55.43,61.577915,6.147915
55.43,61.577915,6.147915
63.7,65.46974,1.769741
63.7,65.46974,1.769741
70.69,66.47423,-4.2157745
70.69,66.47423,-4.2157745
63.370003,62.009655,-1.3603477
63.370003,62.009655,-1.3603477
63.059998,64.86731,1.807312
63.059998,64.86731,1.807312
72.689995,65.348694,-7.341301
72.689995,65.348694,-7.341301
66.36,61.37516,-4.9848404
66.36,61.37516,-4.9848404
69.6,65.10242,-4.4975815
69.6,65.10242,-4.4975815
65.65,60.49149,-5.158512
65.65,60.49149,-5.158512
69.42,65.09139,-4.3286057
61.979996,63.53552,1.5555229
28.69,22.706846,-5.9831543
28.69,22.706846,-5.9831543
61.97,63.678844,1.7088432
61.97,63.678844,1.7088432
61.09,64.93708,3.8470802
61.09,64.93708,3.8470802
61.09,64.93708,3.8470802
64.96001,64.004425,-0.95558167
67.74,65.68059,-2.05941
67.74,65.68059,-2.05941
69.520004,65.50249,-4.017517
69.520004,65.50249,-4.017517
65.63,64.67703,-0.9529648
65.63,64.67703,-0.9529648
58.26,65.71141,7.451412
58.26,65.71141,7.451412
23.38,21.386513,-1.9934864
66.64,65.246635,-1.393364
66.64,65.246635,-1.393364
66.799995,65.494514,-1.305481
62.050003,62.55687,0.50686646
62.050003,62.55687,0.50686646
66.28,65.975174,-0.30482483
64.310005,64.22278,-0.08722687
70.66,61.73765,-8.922352
70.66,61.73765,-8.922352
72.99,64.93513,-8.054871
72.99,64.93513,-8.054871
65.55,65.433815,-0.11618805
65.55,65.433815,-0.11618805
60.55,64.461205,3.9112053
60.55,64.461205,3.9112053
67.9,65.16466,-2.735344
67.9,65.16466,-2.735344
61.09,64.81375,3.723751
61.09,64.81375,3.723751
61.09,64.81375,3.723751
70.37,64.749466,-5.620537
70.37,64.749466,-5.620537
62.58,64.949646,2.3696442
68.92,64.828476,-4.091522
60.48,63.258858,2.7788582
67.64,65.183815,-2.4561844
67.64,65.183815,-2.4561844
54.51,58.198524,3.6885262
54.51,58.198524,3.6885262
66.59,65.56949,-1.0205078
66.59,65.56949,-1.0205078
70.46,66.08968,-4.3703156
59.24,64.083626,4.843624
59.24,64.083626,4.843624
62.339996,61.503338,-0.8366585
62.339996,61.503338,-0.8366585
67.89,63.677174,-4.212826
67.89,63.677174,-4.212826
72.689995,65.37684,-7.313156
72.689995,65.37684,-7.313156
62.089996,64.82175,2.7317505
66.36,64.94366,-1.4163437
66.36,64.94366,-1.4163437
63.440002,64.82068,1.3806763
45.739998,65.596924,19.856926
70.61,65.15744,-5.4525604
70.61,65.15744,-5.4525604
66.159996,65.58371,-0.5762863
66.159996,65.58371,-0.5762863
69.700005,64.26851,-5.4314957
69.700005,64.26851,-5.4314957
63.7,63.080215,-0.6197853
63.7,63.080215,-0.6197853
65.21,66.39803,1.188034
65.21,66.39803,1.188034
67.89,62.812054,-5.0779457
67.89,62.812054,-5.0779457
63.07,64.61625,1.5462494
63.07,64.61625,1.5462494
59.16,62.32124,3.1612396
61.629997,64.89029,3.260292
61.629997,64.89029,3.260292
43.02,51.161827,8.141827
43.02,51.161827,8.141827
61.43,64.614845,3.184845
68.59,64.852715,-3.7372818
63.410004,64.141136,0.7311325
63.410004,64.141136,0.7311325
58.420002,64.345634,5.9256325
65.82,65.68016,-0.13983917
67.189995,63.044132,-4.1458626
67.189995,63.044132,-4.1458626
65.88,65.583,-0.29699707
65.88,65.583,-0.29699707
67.84,65.01234,-2.8276596
67.84,65.01234,-2.8276596
61.61,63.267464,1.6574631
61.61,63.267464,1.6574631
28.66,27.518219,-1.1417809
56.770004,65.08732,8.317314
67.2,65.16625,-2.0337448
67.2,65.16625,-2.0337448
68.9,65.090195,-3.8098068
67.65,64.34462,-3.3053818
65.93,63.858955,-2.071045
65.93,63.858955,-2.071045
66.59,65.22123,-1.3687668
66.59,65.22123,-1.3687668
10.57,26.504728,15.934729
10.57,26.504728,15.934729
65.6,62.938034,-2.6619644
65.6,62.938034,-2.6619644
64.450005,66.44378,1.9937744
64.450005,66.44378,1.9937744
64.71,65.65123,0.9412308
64.71,65.65123,0.9412308
68.45,65.916916,-2.533081
68.45,65.916916,-2.533081
68.22,65.59037,-2.629631
68.22,65.59037,-2.629631
65.21,64.74594,-0.46405792
65.21,64.74594,-0.46405792
72.939995,66.02471,-6.915283
72.939995,66.02471,-6.915283
71.26,62.13225,-9.12775
71.26,62.13225,-9.12775
64.840004,65.95781,1.1178055
64.840004,65.95781,1.1178055
52.76,61.822845,9.062847
52.76,61.822845,9.062847
63.239998,66.02628,2.7862854
63.239998,66.02628,2.7862854
67.93,65.81249,-2.117508
67.93,65.81249,-2.117508
65.6,64.48741,-1.112587
65.6,64.48741,-1.112587
66.64,62.329323,-4.3106766
66.64,62.329323,-4.3106766
61.5,65.16231,3.6623077
61.5,65.16231,3.6623077
60.02,65.370544,5.350544
65.4,63.934223,-1.4657784
65.4,63.934223,-1.4657784
72.0,65.94314,-6.056862
72.0,65.94314,-6.056862
64.560005,65.43457,0.8745651
66.149994,65.35259,-0.7974014
66.149994,65.35259,-0.7974014
70.240005,65.36791,-4.872093
63.120003,65.02512,1.9051208
61.16,59.054077,-2.1059227
61.16,59.054077,-2.1059227
64.380005,65.7958,1.4157944
49.59,47.885628,-1.7043724
67.2,65.38567,-1.8143234
67.2,65.38567,-1.8143234
65.5,60.439373,-5.060627
65.5,60.439373,-5.060627
66.79,65.78589,-1.0041122
60.170002,64.711044,4.5410423
60.170002,64.711044,4.5410423
70.72,63.84255,-6.877453
70.72,63.84255,-6.877453
43.77,26.04156,-17.728441
43.77,26.04156,-17.728441
66.189995,65.539894,-0.6501007
66.189995,65.539894,-0.6501007
66.36,65.49586,-0.8641434
66.36,65.49586,-0.8641434
49.01,34.653862,-14.356136
49.01,34.653862,-14.356136
49.01,34.653862,-14.356136
49.01,34.653862,-14.356136
49.01,34.653862,-14.356136
68.64,64.3174,-4.3226013
68.64,64.3174,-4.3226013
56.42,65.17885,8.75885
56.42,65.17885,8.75885
38.420002,53.876144,15.456142
38.420002,53.876144,15.456142
38.420002,53.876144,15.456142
65.380005,65.41304,0.03303528
65.380005,65.41304,0.03303528
68.37,63.676994,-4.6930084
68.37,63.676994,-4.6930084
30.98,35.967022,4.9870224
30.98,35.967022,4.9870224
30.98,35.967022,4.9870224
66.369995,66.03654,-0.33345795
66.369995,66.03654,-0.33345795
62.18,65.79496,3.6149597
62.18,65.79496,3.6149597
66.369995,65.49744,-0.8725586
66.369995,65.49744,-0.8725586
60.84,64.38791,3.5479088
60.84,64.38791,3.5479088
62.29,64.532394,2.2423935
62.519997,62.138195,-0.3818016
62.519997,62.138195,-0.3818016
63.81,62.92814,-0.88186264
63.81,62.92814,-0.88186264
68.22,65.090324,-3.1296768
68.22,65.090324,-3.1296768
66.509995,65.56496,-0.94503784
62.550003,65.06569,2.515686
62.550003,65.06569,2.515686
54.71,62.08098,7.3709793
54.71,62.08098,7.3709793
67.45,65.996666,-1.453331
44.52,48.06716,3.547161
64.850006,63.67959,-1.1704178
64.850006,63.67959,-1.1704178
10.57,23.459146,12.889147
10.57,23.459146,12.889147
68.42,66.344086,-2.0759125
68.42,66.344086,-2.0759125
63.660004,64.08297,0.422966
63.660004,64.08297,0.422966
61.11,62.578262,1.4682617
61.11,62.578262,1.4682617
68.56,65.86296,-2.6970367
68.56,65.86296,-2.6970367
64.920006,65.4614,0.5413971
64.920006,65.4614,0.5413971
64.0,65.44167,1.4416733
64.0,65.44167,1.4416733
70.240005,63.607025,-6.6329803
70.240005,63.607025,-6.6329803
63.660004,65.56608,1.9060745
63.660004,65.56608,1.9060745
72.0,65.5982,-6.401802
72.0,65.5982,-6.401802
63.120003,64.33009,1.2100906
63.120003,64.33009,1.2100906
63.65,64.15646,0.5064621
63.65,64.15646,0.5064621
54.71,61.184788,6.4747887
54.71,61.184788,6.4747887
60.34,64.41138,4.071377
60.34,64.41138,4.071377
68.64,65.40631,-3.2336884
68.64,65.40631,-3.2336884
61.589996,64.98157,3.391571
61.589996,64.98157,3.391571
63.620003,65.296814,1.6768112
68.56,65.48172,-3.0782776
68.56,65.48172,-3.0782776
60.84,58.780605,-2.0593948
60.84,58.780605,-2.0593948
71.340004,64.955154,-6.3848495
71.340004,64.955154,-6.3848495
53.969997,64.86541,10.895412
64.630005,65.496666,0.8666611
64.630005,65.496666,0.8666611
60.97,62.82627,1.8562698
69.5,60.844124,-8.655876
69.02,66.04249,-2.9775085
69.02,66.04249,-2.9775085
62.870003,65.11561,2.2456055
57.090004,65.779366,8.689362
57.090004,65.779366,8.689362
63.340004,65.25093,1.9109268
63.340004,65.25093,1.9109268
67.57,66.80253,-0.7674713
67.57,66.80253,-0.7674713
66.97,65.58313,-1.3868713
62.61,63.48074,0.870739
31.29,25.744757,-5.545244
31.29,25.744757,-5.545244
64.71,65.07341,0.36341095
64.71,65.07341,0.36341095
59.23,63.996582,4.7665825
28.92,26.91272,-2.0072803
60.110004,64.95681,4.8468056
60.110004,64.95681,4.8468056
63.7,65.09773,1.3977318
63.7,65.09773,1.3977318
67.84,64.490616,-3.3493805
67.84,64.490616,-3.3493805
63.92,63.16502,-0.7549782
65.909996,64.696266,-1.2137299
68.5,64.89365,-3.6063538
68.5,64.89365,-3.6063538
54.78,63.93919,9.159191
69.42,65.44895,-3.9710464
66.149994,61.357994,-4.792
66.149994,61.357994,-4.792
63.7,64.25293,0.5529289
63.7,64.25293,0.5529289
67.33,65.26953,-2.0604706
69.81,65.11307,-4.69693
62.89,64.48174,1.5917435
66.88,65.25929,-1.6207047
38.420002,39.94752,1.5275192
38.420002,39.94752,1.5275192
38.420002,39.94752,1.5275192
62.78,62.836422,0.056423187
62.78,62.836422,0.056423187
66.149994,64.85651,-1.2934875
66.149994,64.85651,-1.2934875
64.71,65.21773,0.5077286
64.71,65.21773,0.5077286
63.03,64.53096,1.5009613
63.03,64.53096,1.5009613
70.28,65.92286,-4.3571396
70.28,65.92286,-4.3571396
67.06,65.86992,-1.1900787
68.82,63.533165,-5.2868347
68.82,63.533165,-5.2868347
68.82,63.533165,-5.2868347
63.620003,65.786804,2.1668015
66.64,65.13275,-1.5072479
68.12,63.500412,-4.6195908
68.12,63.500412,-4.6195908
61.129997,64.55,3.4200058
61.129997,64.55,3.4200058
64.12,64.488914,0.36891174
10.09,23.458775,13.368774
10.09,23.458775,13.368774
66.86,66.23253,-0.6274719
66.86,66.23253,-0.6274719
69.48,64.089264,-5.3907394
50.93,59.591652,8.661652
50.93,59.591652,8.661652
69.6,65.021484,-4.578514
69.6,65.021484,-4.578514
72.399994,64.65898,-7.7410126
62.980003,57.484783,-5.49522
62.980003,57.484783,-5.49522
43.77,54.46894,10.69894
43.77,54.46894,10.69894
67.79,65.50869,-2.281311
60.09,65.024925,4.934925
60.09,65.024925,4.934925
64.61,63.443695,-1.1663055
64.61,63.443695,-1.1663055
55.15,62.39462,7.2446175
60.89,63.183983,2.2939835
60.89,63.183983,2.2939835
60.89,63.183983,2.2939835
70.700005,64.44725,-6.252754
70.700005,64.44725,-6.252754
60.7,63.384216,2.6842155
60.7,63.384216,2.6842155
65.94,64.47222,-1.4677811
65.21,66.36188,1.1518784
65.21,66.36188,1.1518784
63.71,64.475426,0.76542664
62.489998,64.68018,2.1901855
63.510002,65.49235,1.9823456
63.510002,65.49235,1.9823456
65.16,64.05434,-1.1056671
65.16,64.05434,-1.1056671
65.62,65.23469,-0.38531494
72.659996,65.165504,-7.4944916
72.659996,65.165504,-7.4944916
62.089996,65.91213,3.822136
62.089996,65.91213,3.822136
69.6,65.201675,-4.398323
69.6,65.201675,-4.398323
57.17,65.31784,8.147842
69.72,65.140495,-4.579506
69.72,65.140495,-4.579506
66.56,62.194168,-4.3658295
66.56,62.194168,-4.3658295
55.53,63.97807,8.448071
64.71,64.19794,-0.5120621
64.71,64.19794,-0.5120621
68.9,64.821754,-4.078247
68.9,64.821754,-4.078247
68.9,65.177246,-3.7227554
68.9,65.177246,-3.7227554
60.65,63.42529,2.7752876
60.65,63.42529,2.7752876
63.559998,65.659454,2.0994568
63.559998,65.659454,2.0994568
72.45,65.58831,-6.8616867
72.45,65.58831,-6.8616867
59.399998,63.900715,4.500717
59.399998,63.900715,4.500717
65.23,64.422295,-0.80770874
65.23,64.422295,-0.80770874
60.75,65.743805,4.993805
60.81,62.484974,1.6749725
60.81,62.484974,1.6749725
68.51,65.17184,-3.3381653
68.51,65.17184,-3.3381653
71.8,65.4403,-6.359703
70.29,65.185074,-5.104927
70.29,65.185074,-5.104927
67.96,63.829086,-4.130913
30.98,26.596367,-4.3836327
30.98,26.596367,-4.3836327
30.98,26.596367,-4.3836327
51.260002,60.398067,9.138065
70.700005,65.58892,-5.111084
70.700005,65.58892,-5.111084
64.54,63.987923,-0.55207825
64.54,63.987923,-0.55207825
67.47,64.933426,-2.5365753
59.649998,64.75551,5.1055107
60.110004,66.48426,6.374256
60.110004,66.48426,6.374256
56.03,61.84858,5.8185806
56.03,61.84858,5.8185806
70.61,65.47845,-5.1315536
61.54,65.78892,4.2489166
51.64,64.19573,12.555733
62.309998,65.29257,2.9825745
49.01,53.190727,4.180729
49.01,53.190727,4.180729
49.01,53.190727,4.180729
49.01,53.190727,4.180729
49.01,53.190727,4.180729
68.33,64.82344,-3.5065613
66.96,66.017685,-0.94231415
66.96,66.017685,-0.94231415
64.89,66.03594,1.1459427
64.89,66.03594,1.1459427
60.89,62.525772,1.6357727
60.89,62.525772,1.6357727
60.89,62.525772,1.6357727
63.559998,65.62923,2.0692291
63.559998,65.62923,2.0692291
71.08,64.884254,-6.1957474
71.08,64.884254,-6.1957474
65.05,64.77883,-0.27117157
65.05,64.77883,-0.27117157
63.480003,65.28727,1.8072662
63.480003,65.28727,1.8072662
71.85,66.370705,-5.479294
71.85,66.370705,-5.479294
19.96,24.006609,4.04661
57.42,63.422974,6.0029755
57.42,63.422974,6.0029755
56.699997,61.616604,4.916607
56.699997,61.616604,4.916607
62.449997,64.358505,1.9085083
57.370003,62.821312,5.451309
57.370003,62.821312,5.451309
66.97,66.39484,-0.5751648
66.97,66.39484,-0.5751648
66.479996,62.854023,-3.6259727
67.799995,65.43414,-2.3658524
67.799995,65.43414,-2.3658524
71.26,62.95234,-8.307663
71.26,62.95234,-8.307663
67.83,65.5442,-2.2858047
66.6,64.85994,-1.7400589
63.08,64.903404,1.8234024
62.78,60.515385,-2.264614
62.78,60.515385,-2.264614
63.65,64.281944,0.63194275
63.65,64.281944,0.63194275
66.259995,65.81324,-0.44675446
66.259995,65.81324,-0.44675446
65.43,65.0284,-0.4016037
66.369995,65.22747,-1.1425247
66.369995,65.22747,-1.1425247
66.149994,62.986668,-3.1633263
66.149994,62.986668,-3.1633263
68.01,64.76494,-3.2450638
68.01,64.76494,-3.2450638
66.56,64.85561,-1.7043839
66.56,64.85561,-1.7043839
60.45,64.33565,3.8856468
60.45,64.33565,3.8856468
69.49,65.488884,-4.001114
69.49,65.488884,-4.001114
65.5,66.131615,0.6316147
65.5,66.131615,0.6316147
62.18,62.260883,0.080883026
62.18,62.260883,0.080883026
65.020004,66.14014,1.1201324
65.020004,66.14014,1.1201324
61.32,64.860085,3.5400848
65.21,64.76525,-0.44474792
65.21,64.76525,-0.44474792
60.210003,65.33317,5.123165
65.93,62.73897,-3.1910286
65.93,62.73897,-3.1910286
64.89,65.46977,0.57977295
64.89,65.46977,0.57977295
61.42,62.079853,0.6598549
61.0,60.90425,-0.0957489
61.0,60.90425,-0.0957489
61.93,61.73259,-0.19741058
43.02,42.576355,-0.44364548
43.02,42.576355,-0.44364548
70.86,64.26145,-6.598549
70.86,64.26145,-6.598549
61.21,64.7509,3.5409012
61.21,64.7509,3.5409012
63.059998,64.45769,1.3976898
63.03,64.90426,1.87426
63.03,64.90426,1.87426
66.759995,65.887245,-0.8727493
66.759995,65.887245,-0.8727493
31.29,23.561024,-7.728977
31.29,23.561024,-7.728977
67.14,64.971504,-2.1684952
61.239998,64.66782,3.427826
25.79,23.348797,-2.441204
25.79,23.348797,-2.441204
68.47,65.86816,-2.6018448
66.619995,65.651924,-0.968071
66.619995,65.651924,-0.968071
68.14,66.17741,-1.9625931
68.14,66.17741,-1.9625931
64.850006,61.77795,-3.0720558
64.850006,61.77795,-3.0720558
62.6,66.85879,4.258789
65.060005,65.06132,0.0013122559
48.51,51.306446,2.7964478
48.51,51.306446,2.7964478
67.799995,66.44272,-1.3572769
61.16,62.894527,1.7345276
61.16,62.894527,1.7345276
67.259995,65.29417,-1.965828
57.42,62.722195,5.3021965
57.42,62.722195,5.3021965
63.95,64.67918,0.72917557
67.09,66.02375,-1.066246
67.09,66.02375,-1.066246
63.120003,65.78572,2.665718
63.120003,65.78572,2.665718
62.089996,65.71684,3.6268463
62.089996,65.71684,3.6268463
64.0,65.83146,1.831459
64.0,65.83146,1.831459
61.239998,64.83566,3.595665
59.399998,64.21958,4.819584
59.399998,64.21958,4.819584
65.05,64.90291,-0.14709473
65.05,64.90291,-0.14709473
64.71,63.405262,-1.3047371
64.71,63.405262,-1.3047371
65.44,65.44642,0.006416321
62.53,65.3838,2.853798
72.33,63.409603,-8.920399
72.33,63.409603,-8.920399
64.05,64.21094,0.16093445
67.57,62.964046,-4.605953
67.57,62.964046,-4.605953
63.83,64.94687,1.1168671
63.83,64.94687,1.1168671
59.23,64.98758,5.75758
59.23,64.98758,5.75758
60.89,62.254723,1.3647232
60.89,62.254723,1.3647232
60.89,62.254723,1.3647232
48.48,60.3137,11.833702
68.86,65.64875,-3.2112503
59.23,62.118195,2.888195
59.23,62.118195,2.888195
64.26,64.9388,0.67879486
64.26,64.9388,0.67879486
68.39,65.34121,-3.04879
57.86,63.231564,5.371563
57.86,63.231564,5.371563
61.21,66.18889,4.9788895
61.21,66.18889,4.9788895
57.53,64.41829,6.8882904
57.53,64.41829,6.8882904
72.45,64.81084,-7.63916
72.45,64.81084,-7.63916
71.19,65.72472,-5.4652863
71.19,65.72472,-5.4652863
66.9,65.6332,-1.2667999
22.470001,23.418003,0.94800186
63.660004,63.833435,0.1734314
63.660004,63.833435,0.1734314
68.9,65.57252,-3.3274841
68.9,65.57252,-3.3274841
63.36,65.60182,2.2418213
72.27,65.93347,-6.336525
72.27,65.93347,-6.336525
70.560005,64.86149,-5.698517
70.28,64.27859,-6.0014114
70.28,64.27859,-6.0014114
60.390003,66.20068,5.8106804
49.01,58.653347,9.643349
49.01,58.653347,9.643349
49.01,58.653347,9.643349
49.01,58.653347,9.643349
49.01,58.653347,9.643349
68.14,65.49377,-2.6462326
68.14,65.49377,-2.6462326
68.82,65.01504,-3.8049622
68.82,65.01504,-3.8049622
68.82,65.01504,-3.8049622
69.8,64.857056,-4.9429474
69.8,64.857056,-4.9429474
67.229996,64.94058,-2.2894135
70.73,64.379166,-6.3508377
70.73,64.379166,-6.3508377
70.26,65.894875,-4.3651276
60.74,65.0746,4.3345985
68.85,63.490784,-5.359215
68.85,63.490784,-5.359215
67.09,64.12215,-2.9678497
67.09,64.12215,-2.9678497
61.97,65.95917,3.9891663
61.97,65.95917,3.9891663
60.26,63.25881,2.9988098
67.34,64.59406,-2.7459335
67.34,64.59406,-2.7459335
63.690002,63.94824,0.25823593
67.049995,64.00868,-3.0413132
67.049995,64.00868,-3.0413132
63.0,65.363304,2.3633041
63.0,65.363304,2.3633041
66.24,63.34712,-2.8928795
66.24,63.34712,-2.8928795
59.179996,61.797504,2.617508
72.259995,64.85615,-7.4038467
72.259995,64.85615,-7.4038467
59.26,65.51899,6.2589912
59.26,65.51899,6.2589912
59.26,65.51899,6.2589912
61.09,64.50705,3.4170494
61.09,64.50705,3.4170494
53.920002,60.064636,6.1446342
66.649994,65.79873,-0.85126495
66.649994,65.79873,-0.85126495
61.339996,65.05882,3.7188263
61.339996,65.05882,3.7188263
10.09,28.149492,18.059492
10.09,28.149492,18.059492
70.72,63.850605,-6.869396
70.72,63.850605,-6.869396
68.51,65.73986,-2.7701416
68.51,65.73986,-2.7701416
57.86,63.341248,5.481247
57.86,63.341248,5.481247
56.03,63.488132,7.4581337
56.03,63.488132,7.4581337
66.759995,65.13191,-1.6280823
66.759995,65.13191,-1.6280823
64.560005,61.74677,-2.8132362
60.829998,64.06895,3.2389488
61.0,65.698715,4.698715
61.0,65.698715,4.698715
60.170002,65.75237,5.5823708
60.170002,65.75237,5.5823708
66.08,63.12955,-2.950451
69.8,65.3146,-4.485405
69.8,65.3146,-4.485405
71.84,62.92593,-8.914066
71.84,62.92593,-8.914066
64.54,62.78137,-1.7586327
64.54,62.78137,-1.7586327
61.729996,60.799248,-0.930748
54.87,61.653454,6.783455
61.61,63.723747,2.1137466
61.61,63.723747,2.1137466
66.64,65.95451,-0.68548584
66.64,65.95451,-0.68548584
72.0,66.29443,-5.7055664
72.0,66.29443,-5.7055664
65.23,63.325657,-1.9043465
65.23,63.325657,-1.9043465
58.429996,62.030643,3.600647
58.429996,62.030643,3.600647
67.049995,65.34208,-1.7079163
67.049995,65.34208,-1.7079163
67.18,64.5626,-2.6174011
57.66,64.64139,6.981388
70.14,65.8765,-4.2634964
70.14,65.8765,-4.2634964
61.589996,64.038795,2.4487991
61.589996,64.038795,2.4487991
72.47,64.659676,-7.8103256
61.5,65.439186,3.939186
61.5,65.439186,3.939186
67.56,65.326004,-2.2339935
67.56,65.326004,-2.2339935
72.939995,65.603264,-7.336731
72.939995,65.603264,-7.336731
61.549995,61.915207,0.3652115
61.549995,61.915207,0.3652115
66.28999,64.4387,-1.8512955
36.34,23.504045,-12.835955
36.34,23.504045,-12.835955
68.08,65.037735,-3.0422668
63.480003,65.91166,2.431656
63.480003,65.91166,2.431656
67.34,65.1207,-2.2192993
12.2,29.350435,17.150436
12.2,29.350435,17.150436
66.14,65.45631,-0.68369293
67.93,64.330635,-3.5993652
67.93,64.330635,-3.5993652
59.570004,64.915054,5.345051
59.570004,64.915054,5.345051
60.45,65.090004,4.640003
60.45,65.090004,4.640003
68.51,65.695114,-2.814888
63.510002,64.62474,1.1147385
63.510002,64.62474,1.1147385
68.57,64.31848,-4.2515182
68.57,64.31848,-4.2515182
63.47,61.71488,-1.7551193
63.47,61.71488,-1.7551193
30.98,24.096281,-6.8837185
30.98,24.096281,-6.8837185
30.98,24.096281,-6.8837185
66.56,64.274506,-2.285492
66.56,64.274506,-2.285492
63.99,65.250984,1.2609825
63.99,65.250984,1.2609825
66.56,65.74496,-0.8150406
66.56,65.74496,-0.8150406
67.189995,64.47621,-2.7137833
67.189995,64.47621,-2.7137833
65.39,64.11039,-1.2796097
65.39,64.11039,-1.2796097
64.97,65.670105,0.70010376
72.33,63.971817,-8.358185
72.33,63.971817,-8.358185
64.32,65.231834,0.9118347
64.32,65.231834,0.9118347
67.799995,65.26672,-2.5332718
67.799995,65.26672,-2.5332718
71.84,64.6581,-7.1819
71.84,64.6581,-7.1819
62.980003,64.17933,1.1993256
62.980003,64.17933,1.1993256
63.39,64.06777,0.6777725
65.9,65.473885,-0.42611694
65.9,65.473885,-0.42611694
38.420002,42.33866,3.9186592
38.420002,42.33866,3.9186592
38.420002,42.33866,3.9186592
72.71999,64.38004,-8.339951
72.71999,64.38004,-8.339951
63.47,64.9047,1.4347
63.47,64.9047,1.4347
69.2,64.52155,-4.678444
69.2,64.52155,-4.678444
60.55,65.7498,5.1998024
60.7,64.260544,3.560543
60.7,64.260544,3.560543
65.020004,65.88349,0.86348724
65.020004,65.88349,0.86348724
67.159996,63.71227,-3.4477272
67.619995,65.31761,-2.3023834
71.22,65.93678,-5.2832184
72.659996,65.11349,-7.546509
72.659996,65.11349,-7.546509
63.83,62.03559,-1.7944107
63.83,62.03559,-1.7944107
62.550003,64.47253,1.9225235
62.550003,64.47253,1.9225235
49.73,65.31917,15.589169
49.73,65.31917,15.589169
60.56,64.27728,3.7172813
60.56,64.27728,3.7172813
36.34,31.582436,-4.7575645
36.34,31.582436,-4.7575645
12.2,29.992685,17.792686
12.2,29.992685,17.792686
67.43,62.461735,-4.9682655
67.43,62.461735,-4.9682655
70.86,64.56935,-6.2906494
70.86,64.56935,-6.2906494
63.46,65.24305,1.7830505
66.88,65.807144,-1.0728531
45.09,44.5377,-0.5522995
69.450005,64.45593,-4.994072
69.450005,64.45593,-4.994072
63.99,65.2593,1.2692986
63.99,65.2593,1.2692986
68.57,63.391144,-5.178856
68.57,63.391144,-5.178856
70.11,65.82006,-4.28994
61.549995,65.87613,4.3261337
61.549995,65.87613,4.3261337
72.71999,65.59115,-7.128845
72.71999,65.59115,-7.128845
62.519997,64.95303,2.4330368
62.519997,64.95303,2.4330368
67.67,65.66167,-2.0083313
38.11,32.022827,-6.0871735
64.840004,65.569916,0.7299118
64.840004,65.569916,0.7299118
26.13,30.335617,4.205618
26.13,30.335617,4.205618
57.58,65.95414,8.374138
61.339996,64.09959,2.7595901
61.339996,64.09959,2.7595901
63.340004,64.107086,0.7670822
63.340004,64.107086,0.7670822
63.410004,64.83345,1.4234467
63.410004,64.83345,1.4234467
62.699997,65.324265,2.6242676
62.699997,65.324265,2.6242676
66.95,63.76328,-3.186718
66.95,63.76328,-3.186718
66.95,64.57142,-2.3785782
66.95,64.57142,-2.3785782
71.340004,63.43355,-7.906452
71.340004,63.43355,-7.906452
66.97,65.19287,-1.7771301
66.97,65.19287,-1.7771301
65.71,65.32801,-0.38198853
67.2,65.68028,-1.5197144
67.2,65.68028,-1.5197144
69.630005,63.21676,-6.413246
61.65,66.34281,4.69281
64.450005,64.88441,0.43440247
64.450005,64.88441,0.43440247
64.32,65.426865,1.1068649
64.32,65.426865,1.1068649
59.26,65.45114,6.191143
59.26,65.45114,6.191143
59.26,65.45114,6.191143
68.85,65.29756,-3.5524368
68.85,65.29756,-3.5524368
63.0,65.17971,2.1797104
63.0,65.17971,2.1797104
65.76,64.63105,-1.128952
65.76,64.63105,-1.128952
65.82,65.94814,0.12814331
68.37,65.237946,-3.1320572
68.37,65.237946,-3.1320572
67.2,66.26892,-0.93107605
67.2,66.26892,-0.93107605
72.439995,65.769875,-6.6701202
72.439995,65.769875,-6.6701202
71.85,65.423256,-6.4267426
71.85,65.423256,-6.4267426
63.660004,64.361046,0.7010422
63.660004,64.361046,0.7010422
68.5,65.78554,-2.7144623
69.8,64.18301,-5.616997
69.8,64.18301,-5.616997
66.189995,64.96258,-1.227417
66.189995,64.96258,-1.227417
66.729996,65.51849,-1.2115021
66.729996,65.51849,-1.2115021
70.420006,66.413536,-4.0064697
60.65,65.28064,4.630638
60.65,65.28064,4.630638
62.800003,65.322205,2.5222015
65.380005,65.8985,0.51849365
65.380005,65.8985,0.51849365
60.09,65.72479,5.6347923
60.09,65.72479,5.6347923
60.89,63.888817,2.9988174
60.89,63.888817,2.9988174
64.740005,62.389545,-2.35046
57.86,66.17221,8.31221
65.39,64.319,-1.0709991
65.39,64.319,-1.0709991
63.78,66.62934,2.8493423
50.93,61.05814,10.1281395
50.93,61.05814,10.1281395
69.97,65.51373,-4.4562683
66.369995,65.33751,-1.032486
66.369995,65.33751,-1.032486
68.44,65.0798,-3.360199
59.350002,62.003613,2.6536102
52.280003,64.79672,12.51672
52.280003,64.79672,12.51672
60.34,63.629288,3.2892876
60.34,63.629288,3.2892876
66.59,65.37756,-1.2124329
66.59,65.37756,-1.2124329
68.88,64.30095,-4.579048
68.229996,64.58408,-3.6459122
61.11,64.360794,3.2507935
61.11,64.360794,3.2507935
65.95,64.42677,-1.5232239
68.42,65.34183,-3.0781708
68.42,65.34183,-3.0781708
71.19,64.19387,-6.996132
71.19,64.19387,-6.996132
66.24,65.78274,-0.45726013
66.24,65.78274,-0.45726013
39.82,44.62074,4.8007393
65.9,65.46853,-0.43147278
65.9,65.46853,-0.43147278
61.3,65.04792,3.747921
65.4,65.1294,-0.27059937
65.4,65.1294,-0.27059937
58.429996,63.403618,4.9736214
58.429996,63.403618,4.9736214
60.420002,64.862755,4.442753
72.27,65.806564,-6.4634323
72.27,65.806564,-6.4634323
69.02,64.99226,-4.027733
69.02,64.99226,-4.027733
63.090004,64.93612,1.8461151
68.45,65.236435,-3.213562
68.45,65.236435,-3.213562
68.82,65.52083,-3.2991714
68.82,65.52083,-3.2991714
68.82,65.52083,-3.2991714
67.35,65.842674,-1.5073242
49.73,42.30533,-7.424671
49.73,42.30533,-7.424671
69.450005,60.746895,-8.70311
69.450005,60.746895,-8.70311
66.17,64.33164,-1.838356
66.17,64.33164,-1.838356
72.06,64.47148,-7.588516
63.53,65.51117,1.9811707
57.090004,62.26847,5.178467
57.090004,62.26847,5.178467
21.16,26.268915,5.1089153
69.8,65.717735,-4.0822678
69.8,65.717735,-4.0822678
67.479996,65.74453,-1.735466
62.910004,65.15652,2.2465134
64.61,64.73528,0.12528229
64.61,64.73528,0.12528229
49.829998,46.29684,-3.5331573
49.829998,46.29684,-3.5331573
69.54,65.10046,-4.4395447
56.17,64.6154,8.445404
56.17,64.6154,8.445404
64.990005,65.085495,0.0954895
64.990005,65.085495,0.0954895
68.01,64.67888,-3.3311234
68.01,64.67888,-3.3311234
64.22,64.529945,0.30994415
62.699997,66.562065,3.8620682
62.699997,66.562065,3.8620682
68.12,65.66027,-2.459732
68.12,65.66027,-2.459732
62.730003,65.931145,3.2011414
66.369995,65.284355,-1.08564
66.369995,65.284355,-1.08564
68.409996,65.12897,-3.2810287
68.409996,65.12897,-3.2810287
54.34,64.4076,10.0676
52.280003,65.029434,12.749432
52.280003,65.029434,12.749432
71.08,64.61145,-6.4685516
71.08,64.61145,-6.4685516
68.94,64.6246,-4.315399
68.94,64.6246,-4.315399
69.72,64.790764,-4.9292374
69.72,64.790764,-4.9292374
69.49,66.43161,-3.0583878
69.49,66.43161,-3.0583878
70.29,65.44524,-4.8447647
70.29,65.44524,-4.8447647
61.09,64.01061,2.9206123
61.09,64.01061,2.9206123
65.4,65.86281,0.4628067
61.46,65.59327,4.1332703
59.570004,63.45202,3.8820152
59.570004,63.45202,3.8820152
59.26,65.69294,6.4329414
59.26,65.69294,6.4329414
59.26,65.69294,6.4329414
68.94,63.97577,-4.9642334
68.94,63.97577,-4.9642334
61.129997,62.475193,1.3451958
61.129997,62.475193,1.3451958
65.16,65.043594,-0.1164093
65.16,65.043594,-0.1164093
55.12,60.917576,5.797577
66.259995,65.03351,-1.2264862
66.259995,65.03351,-1.2264862
57.4,65.3205,7.9205017
65.88,64.338684,-1.5413132
65.88,64.338684,-1.5413132
60.81,63.777836,2.9678345
60.81,63.777836,2.9678345
72.259995,64.47634,-7.7836533
72.259995,64.47634,-7.7836533
64.990005,65.25475,0.26474762
64.990005,65.25475,0.26474762
56.42,64.9575,8.537498
56.42,64.9575,8.537498
72.439995,66.677895,-5.7621
72.439995,66.677895,-5.7621
64.920006,61.63565,-3.2843552
64.920006,61.63565,-3.2843552
69.97,64.87137,-5.098633
57.489998,65.26161,7.771614
57.489998,65.26161,7.771614
66.86,65.53452,-1.3254776
66.86,65.53452,-1.3254776
66.6,63.7272,-2.872799
60.76,64.081215,3.3212166
66.5,65.745155,-0.75484467
66.5,65.745155,-0.75484467
26.13,39.354748,13.224749
26.13,39.354748,13.224749
61.3,64.93611,3.6361122
61.3,64.93611,3.6361122
59.420002,65.94414,6.5241356
59.420002,65.94414,6.5241356
70.240005,64.07318,-6.1668243
70.240005,64.07318,-6.1668243
63.83,64.16445,0.33444977
67.34,64.81981,-2.5201874
67.34,64.81981,-2.5201874
57.370003,64.2928,6.922798
57.370003,64.2928,6.922798
68.59,64.448296,-4.1417007
48.51,43.32232,-5.1876793
48.51,43.32232,-5.1876793
72.02,65.494156,-6.5258408
65.76,64.29602,-1.4639816
65.76,64.29602,-1.4639816
68.409996,65.02716,-3.3828354
68.409996,65.02716,-3.3828354
63.81,64.34566,0.535656
63.81,64.34566,0.535656
60.600002,61.951702,1.3516998
60.600002,61.951702,1.3516998
49.01,56.699257,7.6892586
49.01,56.699257,7.6892586
49.01,56.699257,7.6892586
49.01,56.699257,7.6892586
49.01,56.699257,7.6892586
25.79,23.461626,-2.3283749
25.79,23.461626,-2.3283749
49.829998,54.768898,4.9389
49.829998,54.768898,4.9389
65.21,65.7323,0.5223007
65.21,65.7323,0.5223007
64.26,65.40564,1.1456375
64.26,65.40564,1.1456375
61.839996,65.5846,3.744606
64.71,61.038273,-3.6717262
64.71,61.038273,-3.6717262
64.86,60.078358,-4.781643
68.9,64.66186,-4.238144
68.9,64.66186,-4.238144
66.36,65.81607,-0.54393005
66.36,65.81607,-0.54393005
52.76,60.62137,7.86137
52.76,60.62137,7.86137
67.43,64.3607,-3.0692978
67.43,64.3607,-3.0692978
68.06,64.619095,-3.4409027
65.51,65.04377,-0.4662323
63.239998,66.134674,2.8946762
63.239998,66.134674,2.8946762
66.649994,62.11555,-4.534443
66.649994,62.11555,-4.534443
65.42,65.14503,-0.274971
64.630005,64.085014,-0.54499054
64.630005,64.085014,-0.54499054
65.130005,65.239494,0.10948944
59.420002,57.96656,-1.4534416
59.420002,57.96656,-1.4534416
66.369995,63.695705,-2.6742897
66.369995,63.695705,-2.6742897
68.4,65.02651,-3.3734894
57.11,59.153385,2.0433846
57.11,59.153385,2.0433846
60.600002,63.88875,3.2887459
60.600002,63.88875,3.2887459
68.5,65.60085,-2.899147
68.5,65.60085,-2.899147
60.56,63.024426,2.4644241
60.56,63.024426,2.4644241
59.539997,64.44213,4.902134
66.96,64.90404,-2.0559616
66.96,64.90404,-2.0559616
72.85,64.70113,-8.148865
61.97,65.04615,3.076149
61.97,65.04615,3.076149
60.51,61.645782,1.1357841
69.2,65.12348,-4.076515
69.2,65.12348,-4.076515
65.89,65.26739,-0.622612
72.38,64.422615,-7.957382
67.56,65.312485,-2.2475128
67.56,65.312485,-2.2475128
66.729996,66.107475,-0.62252045
66.729996,66.107475,-0.62252045
68.95,63.821262,-5.1287346
65.57,64.035645,-1.5343552
61.339996,65.909225,4.569229
72.0,65.75126,-6.248741
72.0,65.75126,-6.248741
56.699997,65.73579,9.0357895
56.699997,65.73579,9.0357895
66.5,64.85563,-1.644371
66.5,64.85563,-1.644371
70.62,65.53711,-5.0828934
57.53,64.12227,6.59227
57.53,64.12227,6.59227
57.07,66.13842,9.06842
61.3,64.956184,3.6561852
61.3,64.956184,3.6561852
57.489998,64.93507,7.4450684
57.489998,64.93507,7.4450684
60.89,63.08382,2.193821
60.89,63.08382,2.193821
66.189995,65.39458,-0.7954178
57.11,61.635143,4.5251427
57.11,61.635143,4.5251427
48.61,53.04679,4.4367905
66.619995,65.24208,-1.3779144
66.619995,65.24208,-1.3779144
69.85,65.13795,-4.7120514
68.35,65.22563,-3.1243668
20.47,32.877193,12.407194
70.14,64.595726,-5.5442734
70.14,64.595726,-5.5442734
49.01,51.812233,2.8022346
49.01,51.812233,2.8022346
49.01,51.812233,2.8022346
49.01,51.812233,2.8022346
49.01,51.812233,2.8022346
56.17,64.38064,8.21064
56.17,64.38064,8.21064
66.17,65.87776,-0.29223633
66.17,65.87776,-0.29223633
70.73,64.31996,-6.410042
70.73,64.31996,-6.410042
61.23,64.354744,3.1247444
61.23,64.354744,3.1247444
61.23,62.79685,1.5668488
61.23,62.79685,1.5668488
66.299995,64.4512,-1.848793
66.299995,64.4512,-1.848793
66.299995,64.4512,-1.848793
66.299995,64.67155,-1.6284485
66.299995,64.67155,-1.6284485
66.299995,64.67155,-1.6284485
66.299995,64.97107,-1.3289261
66.299995,64.97107,-1.3289261
66.299995,64.97107,-1.3289261
