True_EF,Predicted_EF,Error
63.620003,64.147255,0.5272522
65.5,64.44785,-1.0521469
65.5,64.44785,-1.0521469
57.89,64.69995,6.809952
65.92,65.23915,-0.68084717
65.92,65.23915,-0.68084717
63.63,63.598366,-0.031635284
63.550003,64.819016,1.2690125
63.550003,64.819016,1.2690125
70.740005,65.82982,-4.910187
70.740005,65.82982,-4.910187
29.51,37.51666,8.006659
29.51,37.51666,8.006659
45.07,36.27451,-8.79549
59.2,66.42197,7.221966
59.2,66.42197,7.221966
57.25,64.723495,7.4734955
57.25,64.723495,7.4734955
57.25,64.723495,7.4734955
56.22,65.04357,8.82357
56.22,65.04357,8.82357
64.15,64.73122,0.5812149
64.15,64.73122,0.5812149
42.69,64.89804,22.208042
49.48,60.358734,10.878735
49.48,60.358734,10.878735
53.460003,61.66309,8.203087
53.460003,61.66309,8.203087
53.460003,61.66309,8.203087
38.350002,29.04317,-9.306831
38.350002,29.04317,-9.306831
63.47,65.68112,2.2111206
63.47,65.68112,2.2111206
62.870003,66.284676,3.4146729
64.93,65.174644,0.24464417
64.93,65.174644,0.24464417
63.15,65.24422,2.0942154
63.15,65.24422,2.0942154
72.11,64.52819,-7.58181
60.79,65.24948,4.4594803
60.79,65.24948,4.4594803
60.79,65.24948,4.4594803
37.04,27.961763,-9.078238
37.04,27.961763,-9.078238
66.17,64.702126,-1.4678726
66.17,64.702126,-1.4678726
65.380005,63.821667,-1.5583382
65.380005,63.821667,-1.5583382
56.910004,65.22498,8.31498
60.26,65.068924,4.8089256
60.26,65.068924,4.8089256
65.380005,65.57232,0.19231415
65.380005,65.57232,0.19231415
61.65,64.977905,3.3279037
61.65,64.977905,3.3279037
71.8,63.168503,-8.6315
71.8,63.168503,-8.6315
62.93,66.26365,3.3336487
62.42,65.42523,3.0052338
62.42,65.42523,3.0052338
57.36,59.614338,2.2543373
57.36,59.614338,2.2543373
45.91,59.025204,13.115204
45.91,59.025204,13.115204
55.53,63.63288,8.102882
55.53,63.63288,8.102882
58.12,65.01509,6.895092
58.12,65.01509,6.895092
64.33,62.61776,-1.7122421
64.33,62.61776,-1.7122421
37.04,49.20919,12.169189
37.04,49.20919,12.169189
64.69,63.113033,-1.5769691
64.69,63.113033,-1.5769691
47.79,42.276237,-5.5137634
65.35,61.81655,-3.5334473
65.35,61.81655,-3.5334473
63.15,66.3428,3.1927948
63.15,66.3428,3.1927948
68.78,64.83366,-3.9463425
64.630005,64.96273,0.33272552
64.630005,64.96273,0.33272552
62.28,64.95694,2.676941
65.97,64.27281,-1.6971893
61.510002,63.702522,2.1925201
61.510002,63.702522,2.1925201
65.65,63.340694,-2.309307
65.65,63.340694,-2.309307
43.239998,31.254028,-11.98597
43.239998,31.254028,-11.98597
61.53,64.77995,3.2499542
70.58,65.00031,-5.579689
33.78,65.20524,31.42524
70.03,65.191376,-4.838623
62.32,65.23893,2.91893
65.92,64.84995,-1.0700455
65.92,64.84995,-1.0700455
61.510002,64.97542,3.465416
61.510002,64.97542,3.465416
64.69,63.308407,-1.3815956
64.69,63.308407,-1.3815956
49.14,63.2489,14.108902
49.14,63.2489,14.108902
61.739998,65.33553,3.5955353
55.71,62.848366,7.1383667
55.71,62.848366,7.1383667
64.15,65.373245,1.2232437
64.15,65.373245,1.2232437
64.71,64.40163,-0.3083725
38.83,50.96674,12.136738
38.83,50.96674,12.136738
38.83,50.96674,12.136738
70.17,65.97457,-4.195427
64.69,64.589676,-0.10032654
64.69,64.589676,-0.10032654
64.96001,65.4435,0.48349
60.530003,64.12017,3.590168
60.530003,64.12017,3.590168
68.36,64.91866,-3.4413376
68.36,64.91866,-3.4413376
61.379997,65.00782,3.6278229
61.379997,65.00782,3.6278229
53.289997,65.12201,11.832012
64.14,64.95218,0.81217957
67.869995,65.87278,-1.9972153
67.869995,65.87278,-1.9972153
59.2,65.718636,6.518635
59.2,65.718636,6.518635
65.72,65.52109,-0.19891357
56.22,65.21985,8.999847
56.22,65.21985,8.999847
66.64,65.1323,-1.507698
66.64,65.1323,-1.507698
62.85,65.35818,2.5081787
62.07,65.35072,3.2807236
62.07,65.35072,3.2807236
66.89,64.53625,-2.3537521
59.570004,64.9677,5.3976936
59.570004,64.9677,5.3976936
69.85,63.510113,-6.3398857
72.549995,60.743225,-11.80677
19.08,24.587559,5.507559
19.08,24.587559,5.507559
19.08,24.587559,5.507559
38.350002,34.135723,-4.214279
38.350002,34.135723,-4.214279
70.850006,65.00751,-5.842499
70.850006,65.00751,-5.842499
61.379997,65.1697,3.7897034
61.379997,65.1697,3.7897034
61.65,65.25391,3.6039047
61.65,65.25391,3.6039047
61.33,64.3423,3.0122986
55.53,65.318375,9.788376
55.53,65.318375,9.788376
38.83,44.330692,5.5006905
38.83,44.330692,5.5006905
38.83,44.330692,5.5006905
22.72,28.541172,5.8211727
23.31,21.91289,-1.39711
65.64,64.85369,-0.7863083
47.940002,61.42331,13.483307
47.940002,61.42331,13.483307
14.190001,21.793198,7.603197
14.190001,21.793198,7.603197
66.36,65.26959,-1.0904083
66.36,65.26959,-1.0904083
67.869995,65.58065,-2.2893448
67.869995,65.58065,-2.2893448
63.65,64.8732,1.2231979
63.65,64.8732,1.2231979
70.39,65.43587,-4.954132
70.39,65.43587,-4.954132
64.25,65.26422,1.0142212
70.93,65.462456,-5.4675446
70.93,65.462456,-5.4675446
43.43,63.886566,20.456566
43.43,63.886566,20.456566
54.76,64.49937,9.739368
29.19,21.521572,-7.6684284
29.19,21.521572,-7.6684284
64.03,63.153816,-0.87618256
49.14,45.06715,-4.0728493
49.14,45.06715,-4.0728493
66.189995,64.14303,-2.0469666
66.189995,64.14303,-2.0469666
65.33,65.469986,0.13998413
65.33,65.469986,0.13998413
63.010002,65.57307,2.5630646
69.07,65.09773,-3.9722672
68.89,65.33477,-3.5552292
68.89,65.33477,-3.5552292
45.91,28.530577,-17.379423
45.91,28.530577,-17.379423
25.85,33.179703,7.3297024
64.37,63.82612,-0.5438843
68.36,66.41135,-1.9486542
57.36,65.25051,7.8905106
57.36,65.25051,7.8905106
68.89,65.47333,-3.4166718
68.89,65.47333,-3.4166718
63.68,65.79139,2.1113892
64.41,65.29398,0.8839798
63.47,64.958405,1.4884033
63.47,64.958405,1.4884033
64.33,61.82291,-2.5070915
64.33,61.82291,-2.5070915
70.850006,64.98299,-5.8670197
70.850006,64.98299,-5.8670197
61.21,64.66795,3.4579544
61.21,64.66795,3.4579544
65.92,65.632965,-0.28703308
65.92,65.632965,-0.28703308
65.92,65.632965,-0.28703308
65.5,65.190834,-0.30916595
65.5,65.190834,-0.30916595
65.37,65.136314,-0.23368835
68.049995,64.99238,-3.0576172
68.049995,64.99238,-3.0576172
70.740005,64.97804,-5.761963
70.740005,64.97804,-5.761963
68.26,65.21137,-3.0486298
61.67,65.41518,3.7451782
67.2,64.183464,-3.016533
67.2,64.183464,-3.016533
38.81,41.159576,2.349575
38.81,41.159576,2.349575
21.95,27.513435,5.5634346
21.95,27.513435,5.5634346
59.570004,65.526085,5.9560814
59.570004,65.526085,5.9560814
58.12,63.983177,5.8631783
58.12,63.983177,5.8631783
67.59,65.80086,-1.7891388
67.59,65.80086,-1.7891388
65.65,64.35129,-1.2987137
65.65,64.35129,-1.2987137
55.659996,65.73648,10.076485
68.36,63.425373,-4.9346275
68.36,63.425373,-4.9346275
55.71,65.23785,9.527847
55.71,65.23785,9.527847
61.39,65.00169,3.6116943
61.39,65.00169,3.6116943
72.74,65.74145,-6.9985504
65.3,62.217438,-3.0825653
65.3,62.217438,-3.0825653
70.93,65.364174,-5.5658264
70.93,65.364174,-5.5658264
69.5,65.58512,-3.9148788
65.3,64.74795,-0.55205536
57.25,60.98051,3.7305107
57.25,60.98051,3.7305107
57.25,60.98051,3.7305107
65.090004,65.689735,0.59973145
65.090004,65.689735,0.59973145
69.99,65.20701,-4.7829895
49.48,31.24947,-18.23053
49.48,31.24947,-18.23053
71.8,64.8204,-6.9796066
71.8,64.8204,-6.9796066
70.810005,65.41872,-5.3912888
70.810005,65.41872,-5.3912888
62.79,64.144585,1.3545837
61.489998,60.741848,-0.7481499
53.460003,58.990437,5.5304337
53.460003,58.990437,5.5304337
53.460003,58.990437,5.5304337
58.28,65.39828,7.1182785
71.270004,65.63598,-5.6340256
38.81,34.45707,-4.352932
38.81,34.45707,-4.352932
67.59,64.71107,-2.8789291
67.59,64.71107,-2.8789291
12.91,21.362587,8.452587
12.91,21.362587,8.452587
12.91,21.362587,8.452587
64.69,66.328995,1.6389923
64.69,66.328995,1.6389923
64.630005,64.969604,0.3395996
64.630005,64.969604,0.3395996
67.2,65.61188,-1.5881195
67.2,65.61188,-1.5881195
71.76,65.05875,-6.701256
71.76,65.05875,-6.701256
64.840004,65.212,0.37199402
64.840004,65.212,0.37199402
63.6,65.11504,1.5150452
62.260002,65.08115,2.821144
62.260002,65.08115,2.821144
62.42,65.43202,3.012024
62.42,65.43202,3.012024
63.39,63.23536,-0.1546402
60.79,64.92046,4.1304626
60.79,64.92046,4.1304626
60.79,64.92046,4.1304626
68.049995,65.36744,-2.6825562
68.049995,65.36744,-2.6825562
67.95,64.78676,-3.1632385
62.53,66.075516,3.545517
66.64,64.98935,-1.65065
66.64,64.98935,-1.65065
65.3,62.156223,-3.1437798
65.3,62.156223,-3.1437798
43.239998,29.308964,-13.931034
43.239998,29.308964,-13.931034
66.189995,64.5727,-1.6172943
66.189995,64.5727,-1.6172943
57.370003,62.498497,5.1284943
29.51,30.82144,1.3114395
29.51,30.82144,1.3114395
19.08,24.132706,5.052706
19.08,24.132706,5.052706
19.08,24.132706,5.052706
65.3,65.56845,0.26844788
65.3,65.56845,0.26844788
62.04,65.76662,3.726616
65.060005,64.57281,-0.48719788
65.060005,64.57281,-0.48719788
65.060005,64.593414,-0.46659088
65.060005,64.593414,-0.46659088
61.629997,65.133545,3.5035477
50.160004,62.327766,12.167763
56.08,64.38938,8.30938
56.08,64.38938,8.30938
64.44,63.870525,-0.5694771
65.42,65.40412,-0.01587677
65.42,65.40412,-0.01587677
66.17,65.607605,-0.5623932
66.17,65.607605,-0.5623932
38.550003,39.16346,0.6134567
38.550003,39.16346,0.6134567
63.550003,65.0288,1.4787979
63.550003,65.0288,1.4787979
19.45,21.63946,2.1894588
19.45,21.63946,2.1894588
64.840004,65.71158,0.8715744
64.840004,65.71158,0.8715744
60.79,64.92161,4.131607
60.79,64.92161,4.131607
60.79,64.92161,4.131607
19.08,32.82418,13.744181
19.08,32.82418,13.744181
19.08,32.82418,13.744181
65.3,65.84277,0.5427704
65.3,65.84277,0.5427704
60.26,66.18391,5.923908
60.26,66.18391,5.923908
65.240005,66.1915,0.9514923
57.25,64.31029,7.0602875
57.25,64.31029,7.0602875
57.25,64.31029,7.0602875
12.91,23.215641,10.305641
12.91,23.215641,10.305641
12.91,23.215641,10.305641
64.93,65.14191,0.21190643
64.93,65.14191,0.21190643
38.83,27.645565,-11.184437
38.83,27.645565,-11.184437
38.83,27.645565,-11.184437
63.65,64.674324,1.0243225
63.65,64.674324,1.0243225
65.25,63.523067,-1.7269325
65.25,63.523067,-1.7269325
67.92,65.861595,-2.058403
65.25,65.794914,0.54491425
65.25,65.794914,0.54491425
65.33,65.71398,0.3839798
65.33,65.71398,0.3839798
65.92,65.81333,-0.106666565
65.92,65.81333,-0.106666565
65.92,65.81333,-0.106666565
68.53,64.50596,-4.02404
66.25,66.09344,-0.1565628
60.96,65.950554,4.990555
43.43,37.796383,-5.6336174
43.43,37.796383,-5.6336174
12.91,21.496222,8.586222
12.91,21.496222,8.586222
12.91,21.496222,8.586222
55.699997,64.58728,8.887283
19.45,21.351551,1.9015503
19.45,21.351551,1.9015503
60.530003,65.6129,5.082897
60.530003,65.6129,5.082897
53.88,61.608963,7.728962
56.08,66.250244,10.170242
56.08,66.250244,10.170242
38.550003,45.528374,6.9783707
38.550003,45.528374,6.9783707
47.940002,65.08628,17.146278
47.940002,65.08628,17.146278
62.07,65.85159,3.7815933
62.07,65.85159,3.7815933
65.82,65.77421,-0.045791626
14.190001,29.372683,15.182682
14.190001,29.372683,15.182682
21.95,34.42861,12.478611
21.95,34.42861,12.478611
65.42,64.36744,-1.0525589
65.42,64.36744,-1.0525589
61.39,65.815,4.425003
61.39,65.815,4.425003
66.36,64.47108,-1.8889236
66.36,64.47108,-1.8889236
65.69,65.22321,-0.46678925
71.76,65.149796,-6.6102066
71.76,65.149796,-6.6102066
65.35,64.033516,-1.3164825
65.35,64.033516,-1.3164825
53.460003,51.53515,-1.9248543
53.460003,51.53515,-1.9248543
53.460003,51.53515,-1.9248543
61.21,65.55644,4.346443
61.21,65.55644,4.346443
67.619995,63.70027,-3.9197235
65.090004,65.94163,0.85162354
65.090004,65.94163,0.85162354
66.82,63.490444,-3.3295555
38.640003,38.60705,-0.032951355
29.19,30.846247,1.6562462
29.19,30.846247,1.6562462
62.260002,60.38568,-1.874321
62.260002,60.38568,-1.874321
65.92,62.79139,-3.1286087
65.92,62.79139,-3.1286087
65.92,62.79139,-3.1286087
70.810005,64.607086,-6.202919
70.810005,64.607086,-6.202919
70.39,65.7339,-4.6560974
70.39,65.7339,-4.6560974
64.46,62.49862,-1.96138
64.46,62.49862,-1.96138
52.420002,62.398346,9.978344
52.420002,62.398346,9.978344
58.41,63.135456,4.725456
69.06,65.05319,-4.0068054
69.06,65.05319,-4.0068054
70.71,65.62989,-5.0801086
59.069996,61.552876,2.4828796
59.069996,61.552876,2.4828796
68.79,64.76805,-4.02195
71.26,63.98646,-7.2735405
65.03,64.53289,-0.49710846
65.03,64.53289,-0.49710846
60.78,63.580235,2.8002357
60.78,63.580235,2.8002357
56.739998,61.91681,5.176811
56.739998,61.91681,5.176811
66.34,63.747864,-2.5921326
66.34,63.747864,-2.5921326
68.72,64.8929,-3.8271027
68.72,64.8929,-3.8271027
62.760002,64.35741,1.5974045
43.68,55.050053,11.370052
43.68,55.050053,11.370052
43.68,55.050053,11.370052
65.270004,62.102562,-3.1674423
65.270004,62.102562,-3.1674423
67.74,65.16379,-2.57621
67.74,65.16379,-2.57621
60.41,64.41857,4.0085716
53.219997,62.57978,9.359783
53.219997,62.57978,9.359783
65.270004,62.76449,-2.505516
65.270004,62.76449,-2.505516
53.51,63.826435,10.316437
68.93,64.72762,-4.2023773
67.89,64.48622,-3.403778
69.46,65.79231,-3.6676865
69.46,65.79231,-3.6676865
60.829998,62.894123,2.064125
60.829998,62.894123,2.064125
60.829998,62.894123,2.064125
72.2,64.33018,-7.8698196
63.22,64.1625,0.94249725
63.22,64.1625,0.94249725
66.74,64.37317,-2.366829
66.74,64.37317,-2.366829
62.0,62.638165,0.6381645
35.989998,34.87289,-1.1171074
35.989998,34.87289,-1.1171074
31.46,37.824387,6.3643875
31.46,37.824387,6.3643875
70.420006,64.65309,-5.7669144
70.420006,64.65309,-5.7669144
65.15,63.364452,-1.7855492
65.15,63.364452,-1.7855492
68.04,62.833794,-5.2062073
68.04,62.833794,-5.2062073
63.88,63.97601,0.0960083
63.88,63.97601,0.0960083
68.68,63.475758,-5.2042427
68.68,63.475758,-5.2042427
69.25,64.961716,-4.2882843
61.47,64.2445,2.774498
61.47,64.2445,2.774498
71.56,64.37788,-7.1821213
60.530003,63.613945,3.0839424
63.260002,63.803246,0.5432434
63.260002,63.803246,0.5432434
68.26,63.441147,-4.8188553
68.26,63.441147,-4.8188553
63.6,64.094955,0.49495697
63.6,64.094955,0.49495697
60.57,64.2214,3.6513977
66.67,62.07821,-4.5917892
66.67,62.07821,-4.5917892
27.35,41.51575,14.1657505
27.35,41.51575,14.1657505
61.510002,63.34278,1.8327789
61.510002,63.34278,1.8327789
72.869995,63.723743,-9.146252
58.09,64.76752,6.677517
58.09,64.76752,6.677517
66.53,62.952103,-3.577896
66.53,62.952103,-3.577896
57.96,62.59759,4.6375923
57.96,62.59759,4.6375923
65.41,65.44207,0.032066345
65.41,65.44207,0.032066345
62.739998,64.496735,1.7567368
62.739998,64.496735,1.7567368
63.71,64.221405,0.51140594
61.15,64.6346,3.4845963
61.15,64.6346,3.4845963
66.57,64.092995,-2.477005
66.57,64.092995,-2.477005
50.510002,62.803555,12.293552
50.510002,62.803555,12.293552
60.05,64.93268,4.882679
60.05,64.93268,4.882679
53.09,62.335056,9.245056
53.09,62.335056,9.245056
64.450005,64.70851,0.25850677
64.450005,64.70851,0.25850677
64.450005,64.70851,0.25850677
53.920002,64.78747,10.867466
63.6,64.917496,1.3174973
63.6,64.917496,1.3174973
54.48,63.802116,9.322117
54.48,63.802116,9.322117
69.17,64.11107,-5.0589294
69.17,64.11107,-5.0589294
66.81,64.160805,-2.6491928
52.23,59.99133,7.7613297
52.23,59.99133,7.7613297
60.72,64.71728,3.9972763
60.72,64.71728,3.9972763
68.54,64.162315,-4.3776855
68.54,64.162315,-4.3776855
62.870003,60.87926,-1.9907417
62.870003,60.87926,-1.9907417
53.750004,61.518433,7.768429
53.750004,61.518433,7.768429
61.05,64.56163,3.511631
65.97,65.59463,-0.37537384
70.060005,62.03878,-8.021225
70.060005,62.03878,-8.021225
62.620003,64.826675,2.2066727
62.620003,64.826675,2.2066727
54.09,64.31862,10.228619
54.09,64.31862,10.228619
62.410004,62.90245,0.4924469
62.410004,62.90245,0.4924469
67.74,63.009125,-4.730873
67.74,63.009125,-4.730873
68.98,65.849525,-3.130478
64.05,64.42169,0.37168884
56.83,61.20565,4.3756485
56.83,61.20565,4.3756485
64.94,64.47464,-0.46536255
64.94,64.47464,-0.46536255
31.46,53.498657,22.038658
31.46,53.498657,22.038658
58.31,64.055046,5.7450447
63.410004,60.376038,-3.033966
63.410004,60.376038,-3.033966
71.67,65.262184,-6.407814
65.7,64.25076,-1.449234
65.7,64.25076,-1.449234
66.649994,62.906326,-3.7436676
68.68,65.08156,-3.598442
68.68,65.08156,-3.598442
49.219997,49.073257,-0.14673996
49.219997,49.073257,-0.14673996
59.81,64.00356,4.1935616
59.81,64.00356,4.1935616
59.81,64.00356,4.1935616
65.31,64.57562,-0.734375
65.31,64.57562,-0.734375
65.03,62.87834,-2.151657
65.03,62.87834,-2.151657
56.910004,60.432667,3.522663
56.910004,60.432667,3.522663
62.660004,63.11773,0.45772552
62.660004,63.11773,0.45772552
69.23,64.84679,-4.383217
65.04,65.48207,0.44207
56.629997,63.721657,7.0916595
56.629997,63.721657,7.0916595
65.14,65.64631,0.5063095
64.36,64.98226,0.62226105
64.36,64.98226,0.62226105
64.36,65.082275,0.7222748
64.36,65.082275,0.7222748
62.78,61.69795,-1.0820503
62.78,61.69795,-1.0820503
65.07,64.97227,-0.097732544
60.170002,64.220825,4.050823
60.170002,64.220825,4.050823
60.06,64.44088,4.3808784
60.06,64.44088,4.3808784
58.28,64.57236,6.2923584
60.72,64.2157,3.495697
60.72,64.2157,3.495697
71.69,64.30829,-7.381714
57.65,61.839985,4.1899834
57.65,61.839985,4.1899834
65.44,64.11856,-1.3214417
65.44,64.11856,-1.3214417
68.28,65.676315,-2.6036835
68.28,65.676315,-2.6036835
68.21,63.872707,-4.3372917
68.21,63.872707,-4.3372917
68.21,63.872707,-4.3372917
62.65,63.9004,1.2503967
65.58,65.0279,-0.55210114
65.58,65.0279,-0.55210114
61.75,64.14703,2.3970337
61.75,64.14703,2.3970337
64.340004,64.8287,0.48869324
64.340004,64.8287,0.48869324
63.63,63.907337,0.27733612
63.63,63.907337,0.27733612
68.46,64.55648,-3.9035187
59.320004,62.242424,2.9224205
59.320004,62.242424,2.9224205
68.87,64.61433,-4.2556763
66.659996,63.011242,-3.6487541
66.659996,63.011242,-3.6487541
65.54,64.03872,-1.5012817
63.77,64.05452,0.2845192
72.399994,64.216995,-8.182999
72.399994,64.216995,-8.182999
66.43,63.687134,-2.7428665
66.43,63.687134,-2.7428665
65.58,63.877094,-1.7029076
65.58,63.877094,-1.7029076
67.659996,63.30329,-4.3567047
67.659996,63.30329,-4.3567047
60.320004,64.62512,4.3051186
61.739998,63.803707,2.0637093
61.739998,63.803707,2.0637093
68.65,64.722466,-3.927536
68.65,64.722466,-3.927536
59.320004,64.19723,4.877224
59.320004,64.19723,4.877224
66.869995,63.49554,-3.3744545
66.869995,63.49554,-3.3744545
64.64,63.93132,-0.7086792
64.64,63.93132,-0.7086792
64.850006,64.41293,-0.43707275
64.850006,64.41293,-0.43707275
57.090004,60.083252,2.993248
57.090004,60.083252,2.993248
63.940002,64.04634,0.1063385
70.48,64.69607,-5.7839355
66.32,60.750244,-5.5697556
66.32,60.750244,-5.5697556
66.67,62.804836,-3.865162
66.67,62.804836,-3.865162
61.449997,64.26054,2.8105392
61.449997,64.26054,2.8105392
72.08,64.83031,-7.249695
72.08,64.83031,-7.249695
50.410004,64.7988,14.388794
50.410004,64.7988,14.388794
64.64,63.96727,-0.6727295
64.64,63.96727,-0.6727295
57.67,61.69686,4.026863
57.67,61.69686,4.026863
57.67,61.69686,4.026863
62.339996,64.33335,1.9933548
62.339996,64.33335,1.9933548
67.549995,63.006012,-4.5439835
67.549995,63.006012,-4.5439835
63.47,63.830368,0.36036682
45.89,47.084625,1.1946259
45.89,47.084625,1.1946259
61.879997,63.96792,2.0879211
50.370003,60.913765,10.543762
50.370003,60.913765,10.543762
69.15,64.634445,-4.5155563
62.54,64.129196,1.5891953
62.54,64.129196,1.5891953
62.89,65.39163,2.5016327
62.89,65.39163,2.5016327
62.769997,64.6209,1.8509064
62.769997,64.6209,1.8509064
70.37,64.35248,-6.0175247
70.37,64.35248,-6.0175247
60.45,62.698643,2.248642
68.46,61.82143,-6.638569
54.68,62.469776,7.789776
56.629997,62.800163,6.170166
64.73,64.33296,-0.39704132
49.3,45.0965,-4.203499
49.3,45.0965,-4.203499
67.63,62.73295,-4.897049
67.63,62.73295,-4.897049
65.89,64.70004,-1.1899567
71.92,62.883713,-9.036285
71.92,62.883713,-9.036285
65.869995,64.89248,-0.9775162
65.869995,64.89248,-0.9775162
48.25,46.031933,-2.2180672
48.25,46.031933,-2.2180672
67.189995,64.17923,-3.010765
59.930004,64.7038,4.7737923
59.930004,64.7038,4.7737923
50.11,63.27495,13.1649475
50.11,63.27495,13.1649475
61.57,65.442184,3.8721848
72.31,64.85267,-7.457329
37.670002,42.91938,5.249378
37.670002,42.91938,5.249378
59.670002,63.593716,3.9237137
71.99,64.59017,-7.399826
71.99,64.59017,-7.399826
53.860004,61.185814,7.3258095
53.860004,61.185814,7.3258095
61.510002,64.85356,3.3435593
61.510002,64.85356,3.3435593
63.79,63.196236,-0.59376526
63.79,63.196236,-0.59376526
70.44,64.8622,-5.5778046
70.44,64.8622,-5.5778046
60.88,61.750324,0.8703232
60.88,61.750324,0.8703232
64.200005,62.94292,-1.2570839
69.39,64.88215,-4.5078506
60.100002,59.3364,-0.7636032
69.450005,64.05107,-5.3989334
69.450005,64.05107,-5.3989334
68.01,63.956696,-4.0533066
64.1,64.68941,0.5894089
63.120003,62.505985,-0.6140175
68.78,65.12631,-3.6536865
67.74,62.4376,-5.3023987
67.74,62.4376,-5.3023987
62.089996,63.910667,1.8206711
62.089996,63.910667,1.8206711
70.060005,64.65303,-5.406975
64.51,63.81771,-0.69229126
64.51,63.81771,-0.69229126
62.059998,64.53412,2.474121
64.35,63.155376,-1.194622
64.35,63.155376,-1.194622
62.879997,61.386913,-1.493084
51.1,64.57001,13.470009
51.1,64.57001,13.470009
57.71,63.380005,5.670006
57.71,63.380005,5.670006
27.35,32.854263,5.504263
27.35,32.854263,5.504263
62.440002,64.20973,1.7697296
62.440002,64.20973,1.7697296
60.27,65.34282,5.0728188
60.27,65.34282,5.0728188
61.379997,64.37121,2.991211
61.379997,64.37121,2.991211
55.5,64.62518,9.125183
55.5,64.62518,9.125183
56.83,64.08311,7.253105
56.83,64.08311,7.253105
61.059998,65.404045,4.3440475
61.059998,65.404045,4.3440475
59.51,61.906033,2.3960342
59.51,61.906033,2.3960342
59.51,61.906033,2.3960342
59.51,61.906033,2.3960342
68.26,62.189873,-6.0701294
68.26,62.189873,-6.0701294
65.100006,64.39478,-0.7052231
65.100006,64.39478,-0.7052231
59.210003,62.196587,2.9865837
63.489998,65.18848,1.6984787
56.15,62.333363,6.183361
56.15,62.333363,6.183361
61.3,64.07821,2.7782097
61.3,64.07821,2.7782097
63.89,63.307697,-0.5823021
63.89,63.307697,-0.5823021
61.86,63.820415,1.9604149
63.65,63.26744,-0.38256073
63.65,63.26744,-0.38256073
67.67,64.1156,-3.5543976
67.67,64.1156,-3.5543976
70.98,64.34175,-6.6382523
70.98,64.34175,-6.6382523
66.439995,65.43805,-1.0019455
66.439995,65.43805,-1.0019455
68.34,64.59598,-3.7440186
68.34,64.59598,-3.7440186
57.489998,62.843395,5.3533974
57.489998,62.843395,5.3533974
66.17,65.13275,-1.0372467
66.17,65.13275,-1.0372467
66.119995,63.64162,-2.4783745
66.119995,63.64162,-2.4783745
67.85,64.212814,-3.6371841
67.85,64.212814,-3.6371841
67.46,63.276123,-4.183876
67.46,63.276123,-4.183876
66.22,64.02931,-2.190689
66.22,64.02931,-2.190689
50.11,60.239655,10.129654
50.11,60.239655,10.129654
63.84,60.938335,-2.9016647
60.76,65.07961,4.3196144
60.76,65.07961,4.3196144
60.38,61.627163,1.2471619
60.38,61.627163,1.2471619
67.67,64.03213,-3.6378708
67.67,64.03213,-3.6378708
57.67,62.876385,5.2063866
57.67,62.876385,5.2063866
61.989998,62.89431,0.90431213
61.989998,62.89431,0.90431213
45.89,30.239412,-15.650587
45.89,30.239412,-15.650587
53.359997,58.324593,4.964596
53.359997,58.324593,4.964596
65.44,63.526268,-1.9137344
65.44,63.526268,-1.9137344
64.96001,64.382744,-0.5772629
63.309998,64.479294,1.1692963
63.309998,64.479294,1.1692963
65.41,64.80101,-0.60899353
65.41,64.80101,-0.60899353
64.920006,64.9272,0.007194519
63.35,63.55701,0.20701218
63.35,63.55701,0.20701218
67.13,63.668556,-3.461441
67.13,63.668556,-3.461441
63.35,63.373577,0.023578644
60.600002,64.45622,3.8562202
58.25,64.90201,6.652008
61.559998,64.78362,3.2236252
60.23,64.06739,3.837391
60.23,64.06739,3.837391
65.270004,63.828667,-1.4413376
65.270004,63.828667,-1.4413376
63.72,63.334114,-0.38588715
63.72,63.334114,-0.38588715
67.06,65.1548,-1.9051971
66.869995,64.874855,-1.9951401
66.869995,64.874855,-1.9951401
64.72,65.654076,0.9340744
60.61,61.0091,0.39910126
61.47,64.615654,3.1456528
61.47,64.615654,3.1456528
59.37,63.76242,4.3924217
68.4,63.406414,-4.9935875
66.439995,63.601906,-2.838089
66.439995,63.601906,-2.838089
66.439995,63.601906,-2.838089
61.86,63.931156,2.0711555
61.86,63.931156,2.0711555
59.44,65.403984,5.9639854
59.44,65.403984,5.9639854
64.86,63.72724,-1.1327591
64.86,63.72724,-1.1327591
69.32,64.30512,-5.0148773
69.02,64.40418,-4.615814
69.02,64.40418,-4.615814
32.81,41.411366,8.601364
32.81,41.411366,8.601364
56.629997,62.918907,6.28891
56.629997,62.918907,6.28891
60.73,65.12028,4.390278
67.9,62.89007,-5.0099297
62.65,64.54054,1.8905411
64.29,62.16741,-2.122589
64.29,62.16741,-2.122589
50.510002,64.1205,13.6104965
50.510002,64.1205,13.6104965
61.57,64.30901,2.7390137
61.57,64.30901,2.7390137
67.14,64.630615,-2.5093842
67.14,64.630615,-2.5093842
53.49,64.56942,11.079418
66.31,64.73389,-1.5761108
69.770004,64.38878,-5.3812256
72.19,61.727016,-10.462986
72.19,61.727016,-10.462986
57.309998,64.55358,7.2435837
70.66,62.11209,-8.547913
70.66,62.11209,-8.547913
64.64,64.98698,0.34697723
62.47,62.36216,-0.10784149
62.47,62.36216,-0.10784149
65.22,62.54818,-2.6718216
58.14,62.024265,3.884266
72.96,62.385048,-10.574951
72.96,62.385048,-10.574951
63.63,62.689693,-0.9403076
63.63,62.689693,-0.9403076
59.969997,62.863636,2.8936386
59.969997,62.863636,2.8936386
68.12,64.55921,-3.560791
68.12,64.55921,-3.560791
57.74,64.63848,6.8984795
65.45,64.04892,-1.4010773
65.45,64.04892,-1.4010773
66.34,63.77338,-2.566616
66.34,63.77338,-2.566616
64.46,62.90046,-1.5595398
65.9,64.989944,-0.91005707
65.9,64.989944,-0.91005707
62.730003,64.90444,2.1744385
62.730003,64.90444,2.1744385
61.96,64.27824,2.3182373
61.58,63.561935,1.9819336
61.58,63.561935,1.9819336
62.93,61.118656,-1.8113441
62.870003,64.88696,2.0169601
62.870003,64.88696,2.0169601
64.62,64.759094,0.13909149
64.62,64.759094,0.13909149
67.59,65.21186,-2.3781357
67.59,65.21186,-2.3781357
64.25,62.704323,-1.5456772
66.75,63.877125,-2.8728752
60.05,64.77207,4.7220726
60.05,64.77207,4.7220726
61.059998,61.588097,0.52809906
61.059998,61.588097,0.52809906
72.96,65.517975,-7.442024
72.96,65.517975,-7.442024
65.0,61.71692,-3.283081
65.0,61.71692,-3.283081
65.0,61.71692,-3.283081
65.270004,65.16701,-0.102996826
65.270004,65.16701,-0.102996826
65.48,63.922413,-1.5575905
71.36,64.7733,-6.5867004
54.51,62.840504,8.330505
54.51,62.840504,8.330505
72.759995,63.98925,-8.770744
72.759995,63.98925,-8.770744
59.320004,64.50634,5.1863365
59.320004,64.50634,5.1863365
61.879997,61.655212,-0.22478485
61.879997,61.655212,-0.22478485
63.550003,64.67749,1.1274872
63.550003,64.67749,1.1274872
69.630005,64.546394,-5.0836105
69.630005,64.546394,-5.0836105
70.1,64.51496,-5.585037
68.5,62.46833,-6.0316696
51.1,64.07152,12.971519
51.1,64.07152,12.971519
62.39,64.647385,2.2573853
62.39,64.647385,2.2573853
63.99,57.96247,-6.0275307
63.99,57.96247,-6.0275307
62.239998,65.25376,3.0137634
62.239998,65.25376,3.0137634
67.04,64.11363,-2.9263687
67.04,64.11363,-2.9263687
64.51,62.716084,-1.7939186
71.67,64.43646,-7.233536
68.7,63.538933,-5.161064
68.7,63.538933,-5.161064
60.95,61.06951,0.11951065
66.6,65.03048,-1.569519
66.6,65.03048,-1.569519
70.66,64.88168,-5.7783203
70.66,64.88168,-5.7783203
60.61,63.90843,3.2984276
60.61,63.90843,3.2984276
60.82,64.5554,3.7353973
60.82,64.5554,3.7353973
60.62,58.78279,-1.8372078
60.62,58.78279,-1.8372078
66.6,63.41557,-3.1844292
66.6,63.41557,-3.1844292
70.93,65.22128,-5.7087173
67.59,64.7633,-2.8266983
67.59,64.7633,-2.8266983
70.62,64.16853,-6.4514694
70.62,64.16853,-6.4514694
66.64,64.404144,-2.235855
63.870003,64.65883,0.788826
58.289997,63.62681,5.336811
58.289997,63.62681,5.336811
59.77,62.87353,3.103531
59.77,62.87353,3.103531
68.19,64.48957,-3.7004318
68.19,64.48957,-3.7004318
60.000004,64.03591,4.0359077
65.88,63.870094,-2.009903
65.88,63.870094,-2.009903
62.339996,64.30149,1.9614944
62.339996,64.30149,1.9614944
64.94,64.00797,-0.9320297
64.94,64.00797,-0.9320297
69.89,64.32545,-5.5645523
62.14,62.959724,0.81972504
62.14,62.959724,0.81972504
62.85,64.630356,1.7803574
62.85,64.630356,1.7803574
69.11,63.501717,-5.608284
69.11,63.501717,-5.608284
46.36,47.09619,0.7361908
46.36,47.09619,0.7361908
46.36,47.09619,0.7361908
67.979996,63.693905,-4.286091
67.979996,63.693905,-4.286091
61.35,62.57459,1.2245903
64.420006,63.731457,-0.68854904
64.420006,63.731457,-0.68854904
55.68,62.9501,7.2700996
55.68,62.9501,7.2700996
60.93,63.788795,2.8587952
60.93,63.788795,2.8587952
68.82,63.467854,-5.352146
68.82,63.467854,-5.352146
66.42,64.327446,-2.0925522
66.42,64.327446,-2.0925522
59.469997,58.686058,-0.78393936
59.469997,58.686058,-0.78393936
65.97,65.06528,-0.9047241
65.97,65.06528,-0.9047241
62.519997,63.74034,1.2203445
68.21,64.51415,-3.6958466
68.21,64.51415,-3.6958466
68.21,64.51415,-3.6958466
55.32,64.49182,9.171822
55.67,62.871838,7.2018394
55.67,62.871838,7.2018394
70.36,65.107086,-5.2529144
70.36,65.107086,-5.2529144
66.08,65.48837,-0.591629
66.08,65.48837,-0.591629
59.469997,62.26738,2.7973824
59.469997,62.26738,2.7973824
55.269997,60.257767,4.98777
54.24,61.509872,7.2698708
64.55,65.251816,0.70181274
39.18,40.66323,1.4832306
67.06,64.46559,-2.5944061
59.77,64.42967,4.659672
59.77,64.42967,4.659672
63.89,65.09292,1.202919
59.350002,63.123013,3.7730103
59.350002,63.123013,3.7730103
65.200005,63.270016,-1.9299889
65.200005,63.270016,-1.9299889
60.62,63.039516,2.4195175
60.62,63.039516,2.4195175
62.82,64.15773,1.3377304
62.82,64.15773,1.3377304
58.38,63.405586,5.025585
64.51,64.66993,0.15992737
64.51,64.66993,0.15992737
60.31,63.299786,2.9897842
60.31,63.299786,2.9897842
69.53,65.24981,-4.2801895
69.53,65.24981,-4.2801895
60.59,62.827568,2.237568
60.59,62.827568,2.237568
57.67,64.618416,6.9484177
57.67,64.618416,6.9484177
57.67,64.618416,6.9484177
65.14,63.88909,-1.2509079
65.14,63.88909,-1.2509079
64.73,64.63365,-0.09635162
64.73,64.63365,-0.09635162
64.35,61.93139,-2.4186096
64.35,61.93139,-2.4186096
60.91,63.629627,2.7196274
68.159996,64.28464,-3.8753586
61.6,62.43639,0.83639145
61.6,62.43639,0.83639145
61.6,62.43639,0.83639145
62.239998,65.122055,2.8820572
62.239998,65.122055,2.8820572
65.4,64.58185,-0.8181534
65.4,64.58185,-0.8181534
59.34,63.489902,4.1499023
62.589996,60.23512,-2.3548775
62.589996,60.23512,-2.3548775
67.04,65.04054,-1.9994583
67.04,65.04054,-1.9994583
54.76,64.32748,9.567478
71.44,64.0954,-7.3446045
71.44,64.0954,-7.3446045
62.660004,62.393402,-0.26660156
62.660004,62.393402,-0.26660156
63.99,64.49894,0.50893784
63.99,64.49894,0.50893784
57.370003,62.472027,5.102024
67.39,64.63143,-2.7585678
61.33,63.773815,2.4438133
64.450005,65.62069,1.1706848
64.450005,65.62069,1.1706848
64.450005,65.62069,1.1706848
62.769997,64.36137,1.5913696
62.769997,64.36137,1.5913696
61.979996,64.24211,2.2621155
61.979996,64.24211,2.2621155
64.62,65.396286,0.77628326
64.62,65.396286,0.77628326
64.590004,63.990055,-0.5999489
64.590004,63.990055,-0.5999489
56.239998,63.375843,7.135845
56.239998,63.375843,7.135845
66.6,64.683846,-1.916153
54.949997,64.15271,9.202713
54.949997,64.15271,9.202713
71.84,64.61969,-7.2203064
71.84,64.61969,-7.2203064
60.829998,63.806038,2.97604
60.829998,63.806038,2.97604
60.829998,63.806038,2.97604
67.74,63.712914,-4.0270844
67.74,63.712914,-4.0270844
62.019997,62.02342,0.0034217834
62.019997,62.02342,0.0034217834
61.86,64.267006,2.4070053
61.86,64.267006,2.4070053
61.6,61.689507,0.08950806
61.6,61.689507,0.08950806
61.6,61.689507,0.08950806
67.729996,63.968937,-3.7610588
67.729996,63.968937,-3.7610588
50.14,63.567806,13.427807
50.14,63.567806,13.427807
62.840004,63.783157,0.9431534
66.409996,65.42285,-0.9871445
65.63,63.224106,-2.4058914
65.4,56.35643,-9.043571
65.4,56.35643,-9.043571
70.270004,64.464134,-5.80587
70.270004,64.464134,-5.80587
65.33,64.01704,-1.3129654
63.15,62.798523,-0.35147858
69.56,64.05493,-5.505066
55.67,62.370693,6.700695
55.67,62.370693,6.700695
66.63,64.83375,-1.7962494
38.66,47.769524,9.109524
38.66,47.769524,9.109524
66.78,65.350655,-1.4293442
71.25,63.491024,-7.758976
71.25,63.491024,-7.758976
66.03,64.60108,-1.4289169
66.03,64.60108,-1.4289169
69.73,64.8315,-4.898506
67.63,64.236115,-3.3938828
67.63,64.236115,-3.3938828
57.22,64.27753,7.0575256
59.600002,64.168106,4.568104
69.520004,64.85716,-4.662842
69.520004,64.85716,-4.662842
64.950005,64.173706,-0.7762985
47.01,38.461678,-8.548321
54.27,60.86008,6.5900803
54.27,60.86008,6.5900803
61.739998,64.44248,2.7024841
61.739998,64.44248,2.7024841
37.99,40.873623,2.8836212
37.99,40.873623,2.8836212
55.68,59.712887,4.0328865
55.68,59.712887,4.0328865
49.129997,32.31605,-16.813946
49.129997,32.31605,-16.813946
56.53,60.05782,3.5278206
65.95,64.06588,-1.8841171
65.95,64.06588,-1.8841171
64.64,63.38253,-1.2574692
64.64,63.38253,-1.2574692
61.6,62.97782,1.3778229
61.6,62.97782,1.3778229
61.6,62.97782,1.3778229
59.350002,65.08595,5.7359505
59.350002,65.08595,5.7359505
68.3,64.16653,-4.1334763
68.3,64.16653,-4.1334763
67.729996,64.169945,-3.560051
67.729996,64.169945,-3.560051
62.510002,62.804775,0.2947731
62.510002,62.804775,0.2947731
63.760002,65.0609,1.3008957
63.760002,65.0609,1.3008957
63.760002,65.0609,1.3008957
60.43,63.029472,2.599472
60.43,63.029472,2.599472
55.68,63.549465,7.869465
55.68,63.549465,7.869465
64.04,64.46254,0.42253876
67.659996,63.019436,-4.64056
67.659996,63.019436,-4.64056
67.049995,64.48134,-2.568657
56.160004,62.722862,6.5628586
56.160004,62.722862,6.5628586
70.850006,64.03172,-6.818283
63.77,63.038128,-0.73187256
63.77,63.038128,-0.73187256
46.36,47.72037,1.3603706
46.36,47.72037,1.3603706
46.36,47.72037,1.3603706
49.129997,33.252834,-15.877163
49.129997,33.252834,-15.877163
61.15,62.53448,1.3844795
68.89,64.41695,-4.473053
61.93,60.325497,-1.6045036
56.15,61.411293,5.2612915
56.15,61.411293,5.2612915
63.340004,64.62821,1.288208
63.340004,64.62821,1.288208
37.99,39.581005,1.5910034
37.99,39.581005,1.5910034
57.22,63.313614,6.0936127
57.22,63.313614,6.0936127
67.15,64.043526,-3.1064758
59.81,65.351906,5.5419044
59.81,65.351906,5.5419044
59.81,65.351906,5.5419044
68.049995,64.12285,-3.927147
68.049995,64.12285,-3.927147
61.67,64.92035,3.250351
63.239998,64.448166,1.208168
64.8,59.99707,-4.8029327
64.8,59.99707,-4.8029327
69.12,65.312126,-3.8078766
59.41,62.07339,2.663391
59.41,62.07339,2.663391
39.64,41.450012,1.8100128
25.27,34.140102,8.870102
25.27,34.140102,8.870102
25.27,30.540007,5.270006
25.27,30.540007,5.270006
70.560005,64.452286,-6.1077194
62.07,64.72898,2.6589813
57.73,64.96985,7.239849
57.239998,63.980198,6.7402
57.239998,63.980198,6.7402
54.51,64.16547,9.655468
54.51,64.16547,9.655468
52.539997,63.454838,10.914841
65.82,64.442986,-1.3770142
60.79,64.88474,4.094742
59.969997,60.826332,0.8563347
59.969997,60.826332,0.8563347
61.57,64.61416,3.044159
61.57,64.61416,3.044159
46.36,52.091797,5.7317963
46.36,52.091797,5.7317963
46.36,52.091797,5.7317963
72.96,63.06569,-9.89431
62.730003,64.34089,1.6108856
62.730003,64.34089,1.6108856
63.79,64.53772,0.7477188
63.79,64.53772,0.7477188
66.42,63.979095,-2.4409027
66.42,63.979095,-2.4409027
52.460003,64.40704,11.947041
52.460003,64.40704,11.947041
56.910004,63.625187,6.7151833
56.910004,63.625187,6.7151833
54.47,64.572975,10.102974
54.47,64.572975,10.102974
71.130005,65.469696,-5.660309
71.130005,65.469696,-5.660309
71.130005,65.469696,-5.660309
57.71,60.845966,3.1359673
57.71,60.845966,3.1359673
52.13,60.856976,8.7269745
61.67,63.65633,1.9863319
61.67,63.65633,1.9863319
62.54,64.38224,1.8422394
62.54,64.38224,1.8422394
72.08,64.626305,-7.453697
72.08,64.626305,-7.453697
57.83,61.657608,3.8276062
68.159996,64.49078,-3.6692123
68.159996,64.49078,-3.6692123
61.519997,63.106358,1.5863609
62.79,64.4839,1.6939011
62.79,64.4839,1.6939011
12.2,22.76434,10.56434
12.2,22.76434,10.56434
62.019997,61.98498,-0.035015106
62.019997,61.98498,-0.035015106
61.96,63.83024,1.8702393
70.48,63.87636,-6.6036415
66.25,64.61994,-1.6300583
63.21,64.199844,0.9898453
63.21,64.199844,0.9898453
69.67,64.60126,-5.068741
69.67,64.60126,-5.068741
62.690002,63.904537,1.2145348
62.089996,63.716805,1.6268082
62.089996,63.716805,1.6268082
68.28,64.98281,-3.2971878
68.28,64.98281,-3.2971878
72.38,64.228836,-8.151161
72.38,64.228836,-8.151161
67.409996,60.367287,-7.0427094
61.979996,63.928967,1.9489708
61.979996,63.928967,1.9489708
66.61,64.0569,-2.5531006
66.61,64.0569,-2.5531006
68.82,62.494774,-6.325226
68.82,62.494774,-6.325226
64.91,65.14842,0.23841858
64.91,65.14842,0.23841858
62.78,63.265484,0.48548508
62.78,63.265484,0.48548508
56.550003,63.530167,6.9801636
41.52,39.18051,-2.339489
62.82,63.288246,0.46824646
62.82,63.288246,0.46824646
62.08,64.10265,2.0226517
62.08,64.10265,2.0226517
58.13,62.247402,4.117401
25.48,22.796444,-2.6835556
68.159996,64.462975,-3.6970215
68.159996,64.462975,-3.6970215
46.34,42.70094,-3.639061
71.170006,64.06593,-7.1040726
66.0,64.66581,-1.3341904
67.34,63.807266,-3.53273
67.34,63.807266,-3.53273
64.55,64.31438,-0.23562622
64.55,64.31438,-0.23562622
62.08,63.31488,1.2348785
62.08,63.31488,1.2348785
69.4,62.629444,-6.7705574
69.4,62.629444,-6.7705574
63.75,63.76137,0.011371613
63.75,63.76137,0.011371613
65.07,64.97824,-0.09175873
70.19,63.809742,-6.3802605
64.64,65.059494,0.41949463
64.64,65.059494,0.41949463
62.14,62.516125,0.37612534
62.14,62.516125,0.37612534
65.74,63.88645,-1.8535461
65.74,63.88645,-1.8535461
62.15,64.195595,2.0455933
62.15,64.195595,2.0455933
67.33,64.079124,-3.2508774
68.09,64.348564,-3.7414322
68.09,64.348564,-3.7414322
64.450005,65.28621,0.8362045
64.450005,65.28621,0.8362045
64.450005,65.28621,0.8362045
70.65,64.470085,-6.1799164
70.65,64.470085,-6.1799164
65.100006,64.95126,-0.14874268
67.729996,64.07949,-3.650505
67.729996,64.07949,-3.650505
64.73,64.588745,-0.14125824
64.73,64.588745,-0.14125824
62.82,63.855057,1.0350571
62.440002,64.44552,2.005516
62.440002,64.44552,2.005516
69.0,64.4919,-4.5081024
64.29,62.586403,-1.703598
64.29,62.586403,-1.703598
53.219997,63.587414,10.367416
53.219997,63.587414,10.367416
68.3,64.718254,-3.581749
68.3,64.718254,-3.581749
64.69,62.738377,-1.9516258
69.11,64.22885,-4.8811493
69.11,64.22885,-4.8811493
36.559998,37.026367,0.46636963
51.510002,60.107185,8.597183
60.8,59.03317,-1.7668304
59.51,63.31303,3.803032
59.51,63.31303,3.803032
59.51,63.31303,3.803032
59.51,63.31303,3.803032
63.35,65.63761,2.287613
63.1,64.89161,1.7916107
63.1,64.89161,1.7916107
64.590004,59.469837,-5.120167
64.590004,59.469837,-5.120167
69.53,64.493195,-5.036804
69.53,64.493195,-5.036804
66.03,63.378914,-2.651085
66.03,63.378914,-2.651085
66.57,65.49667,-1.0733261
66.57,65.49667,-1.0733261
35.84,62.72815,26.88815
35.84,62.72815,26.88815
64.55,63.074726,-1.475277
64.55,63.074726,-1.475277
54.27,61.06578,6.79578
66.28,64.05003,-2.2299652
66.28,64.05003,-2.2299652
57.020004,64.26972,7.2497177
69.590004,65.54776,-4.042244
72.27,64.822876,-7.4471207
68.37,64.53142,-3.838585
63.35,64.26947,0.91947174
63.35,64.26947,0.91947174
60.600002,63.97059,3.3705864
59.320004,62.89465,3.574646
59.320004,62.89465,3.574646
67.81,63.841396,-3.9686012
60.13,64.38576,4.2557564
53.26,59.965546,6.7055473
30.7,24.185198,-6.514803
30.7,24.185198,-6.514803
61.4,63.743484,2.343483
69.520004,65.52727,-3.9927368
69.520004,65.52727,-3.9927368
53.710003,59.51926,5.8092575
64.850006,62.71803,-2.131977
64.850006,62.71803,-2.131977
72.19,64.19742,-7.992584
72.19,64.19742,-7.992584
56.160004,62.336807,6.1768036
56.160004,62.336807,6.1768036
37.670002,26.033163,-11.636839
37.670002,26.033163,-11.636839
64.66,63.24711,-1.4128952
64.66,63.24711,-1.4128952
51.08,62.355404,11.275402
51.08,62.355404,11.275402
62.269997,64.67004,2.4000397
59.420002,65.1847,5.764698
59.420002,65.1847,5.764698
50.14,63.852722,13.712723
50.14,63.852722,13.712723
62.809998,63.5748,0.764801
61.309998,64.877815,3.5678177
61.309998,64.877815,3.5678177
67.32,64.4331,-2.8869019
67.32,64.4331,-2.8869019
66.74,64.12251,-2.617485
66.74,64.12251,-2.617485
67.32,64.296616,-3.023384
67.32,64.296616,-3.023384
64.33,64.50375,0.17375183
66.42,64.09269,-2.3273087
66.42,64.09269,-2.3273087
60.69,65.05519,4.3651924
60.69,65.05519,4.3651924
65.16,62.38464,-2.775364
65.16,62.38464,-2.775364
57.020004,63.660717,6.6407127
63.57,63.122993,-0.44700623
63.57,63.122993,-0.44700623
54.37,64.6561,10.2860985
54.37,64.6561,10.2860985
60.3,62.811054,2.511055
66.53,64.399574,-2.1304245
66.53,64.399574,-2.1304245
71.44,63.51456,-7.9254417
71.44,63.51456,-7.9254417
61.68,65.27252,3.5925217
61.68,65.27252,3.5925217
62.440002,64.1161,1.676094
67.57,64.22305,-3.3469467
67.57,64.22305,-3.3469467
63.22,63.789463,0.5694618
63.22,63.789463,0.5694618
37.81,43.17273,5.362728
61.879997,63.764114,1.8841171
61.879997,63.764114,1.8841171
63.35,64.840195,1.4901962
65.31,63.612747,-1.6972504
65.31,63.612747,-1.6972504
62.510002,62.511097,0.0010948181
62.510002,62.511097,0.0010948181
61.72,62.762947,1.0429459
64.990005,63.8427,-1.1473045
49.219997,48.660534,-0.5594635
49.219997,48.660534,-0.5594635
70.05,64.13726,-5.9127426
51.49,64.7413,13.251301
68.32,64.763054,-3.5569458
65.9,63.590683,-2.3093185
68.51,64.16836,-4.3416443
68.51,64.16836,-4.3416443
70.55,64.60738,-5.9426193
65.95,64.98631,-0.9636841
65.49,64.677086,-0.812912
63.550003,64.27565,0.725647
63.550003,64.27565,0.725647
66.22,64.0933,-2.1267014
66.22,64.0933,-2.1267014
69.17,64.52575,-4.644249
69.17,64.52575,-4.644249
67.979996,64.489944,-3.4900513
67.979996,64.489944,-3.4900513
68.6,65.750595,-2.8494034
66.32,64.6381,-1.6819
66.32,64.6381,-1.6819
67.34,64.8506,-2.4893951
67.34,64.8506,-2.4893951
62.71,63.39041,0.6804123
62.71,63.39041,0.6804123
65.9,64.575005,-1.324997
65.9,64.575005,-1.324997
66.74,65.260796,-1.4792023
66.74,65.260796,-1.4792023
62.79,64.866,2.0759964
62.79,64.866,2.0759964
59.710003,64.385666,4.675663
63.89,62.198204,-1.6917953
63.89,62.198204,-1.6917953
69.450005,64.75923,-4.690773
69.450005,64.75923,-4.690773
62.11,63.818188,1.7081871
71.11,64.04808,-7.06192
63.1,64.02834,0.9283447
63.1,64.02834,0.9283447
70.66,64.01676,-6.643242
63.309998,64.45119,1.1411896
63.309998,64.45119,1.1411896
56.940002,62.86837,5.9283676
56.940002,62.86837,5.9283676
60.92,64.29517,3.3751755
60.92,64.29517,3.3751755
59.930004,64.87668,4.9466743
59.930004,64.87668,4.9466743
61.57,64.0098,2.439804
61.57,64.0098,2.439804
60.31,62.57835,2.2683487
60.31,62.57835,2.2683487
71.12,65.792694,-5.3273087
71.12,65.792694,-5.3273087
67.57,64.41033,-3.159668
67.57,64.41033,-3.159668
65.95,64.62196,-1.3280334
65.95,64.62196,-1.3280334
68.68,65.19507,-3.484932
68.68,65.19507,-3.484932
70.62,65.08745,-5.5325546
57.090004,62.57904,5.4890366
57.090004,62.57904,5.4890366
68.57,63.71319,-4.8568115
68.57,63.71319,-4.8568115
62.71,64.17195,1.4619522
62.71,64.17195,1.4619522
68.049995,64.51756,-3.5324326
68.049995,64.51756,-3.5324326
66.119995,64.37818,-1.7418137
66.119995,64.37818,-1.7418137
58.41,63.363693,4.9536934
58.41,63.363693,4.9536934
57.96,64.48682,6.5268173
57.96,64.48682,6.5268173
60.59,63.57755,2.9875488
60.59,63.57755,2.9875488
68.57,64.2786,-4.291397
68.57,64.2786,-4.291397
66.409996,65.814125,-0.595871
66.409996,65.814125,-0.595871
68.54,65.45712,-3.082878
68.54,65.45712,-3.082878
66.759995,61.81119,-4.948803
66.759995,61.81119,-4.948803
60.65,62.73452,2.0845184
60.65,62.73452,2.0845184
60.579998,62.985916,2.4059181
60.93,61.92307,0.9930687
60.93,61.92307,0.9930687
63.440002,63.933426,0.49342346
38.66,26.681625,-11.9783745
38.66,26.681625,-11.9783745
67.69,64.01192,-3.6780853
67.69,64.01192,-3.6780853
67.69,64.01192,-3.6780853
67.659996,63.24991,-4.4100876
67.659996,63.24991,-4.4100876
64.060005,64.020355,-0.039649963
60.92,64.625854,3.7058563
60.92,64.625854,3.7058563
71.29,64.88936,-6.4006424
71.29,64.88936,-6.4006424
72.29,62.60641,-9.68359
72.29,62.60641,-9.68359
62.269997,64.118484,1.8484879
64.1,63.4134,-0.68659973
64.86,63.25387,-1.6061325
64.86,63.25387,-1.6061325
67.14,64.89495,-2.2450485
62.17,62.708984,0.5389862
63.08,64.646904,1.5669022
63.08,64.646904,1.5669022
60.45,64.716545,4.2665443
60.45,64.716545,4.2665443
62.47,64.52563,2.055626
62.47,64.52563,2.055626
70.65,64.57516,-6.0748444
70.65,64.57516,-6.0748444
57.67,64.41336,6.7433624
57.67,64.41336,6.7433624
49.17,57.438206,8.268208
60.29,63.161694,2.8716927
60.29,63.161694,2.8716927
53.860004,63.95747,10.0974655
53.860004,63.95747,10.0974655
65.15,65.23232,0.08232117
65.15,65.23232,0.08232117
69.46,65.7717,-3.688301
69.46,65.7717,-3.688301
68.72,64.87692,-3.8430786
68.72,64.87692,-3.8430786
56.809998,63.740402,6.9304047
67.549995,62.045258,-5.504738
67.549995,62.045258,-5.504738
63.54,66.36191,2.821907
63.54,66.36191,2.821907
64.25,64.71284,0.46283722
64.25,64.71284,0.46283722
69.49,64.417496,-5.072502
71.28,64.586845,-6.6931534
71.28,64.586845,-6.6931534
61.3,63.73803,2.4380302
61.3,63.73803,2.4380302
67.84,63.793556,-4.04644
67.84,63.793556,-4.04644
69.44,62.78853,-6.651474
69.44,62.78853,-6.651474
63.77,63.711082,-0.058918
63.77,63.711082,-0.058918
72.759995,64.73084,-8.029152
72.759995,64.73084,-8.029152
71.25,64.311935,-6.9380646
71.25,64.311935,-6.9380646
68.68,65.32774,-3.3522568
68.68,65.32774,-3.3522568
62.75,64.31364,1.5636368
62.75,64.31364,1.5636368
42.26,38.69696,-3.5630379
46.54,56.99553,10.455528
46.54,56.99553,10.455528
54.949997,61.505844,6.555847
54.949997,61.505844,6.555847
69.44,64.164345,-5.2756577
69.44,64.164345,-5.2756577
60.170002,61.67714,1.5071373
60.170002,61.67714,1.5071373
63.39,65.46814,2.0781403
63.39,65.46814,2.0781403
59.27,65.30635,6.0363503
68.12,64.83654,-3.2834625
68.12,64.83654,-3.2834625
64.8,63.801365,-0.99863815
64.8,63.801365,-0.99863815
62.15,64.64704,2.4970398
62.15,64.64704,2.4970398
46.7,54.108765,7.408764
46.7,54.108765,7.408764
68.39,63.81876,-4.5712395
60.180004,63.013412,2.8334084
60.180004,63.013412,2.8334084
62.410004,63.749695,1.3396912
62.410004,63.749695,1.3396912
54.47,55.440704,0.9707031
54.47,55.440704,0.9707031
62.85,65.16151,2.3115082
62.85,65.16151,2.3115082
67.46,64.176926,-3.2830734
67.46,64.176926,-3.2830734
62.58,64.34072,1.7607193
71.28,64.74728,-6.5327225
71.28,64.74728,-6.5327225
66.439995,64.85097,-1.5890274
66.439995,64.85097,-1.5890274
66.439995,64.85097,-1.5890274
66.61,63.026722,-3.5832787
66.61,63.026722,-3.5832787
54.97,60.34177,5.371769
54.97,60.34177,5.371769
63.410004,64.36081,0.95080566
63.410004,64.36081,0.95080566
62.309998,64.889084,2.5790863
62.309998,64.889084,2.5790863
32.010002,37.299683,5.2896805
63.760002,64.24153,0.48152924
63.760002,64.24153,0.48152924
63.760002,64.24153,0.48152924
70.270004,65.23673,-5.033272
70.270004,65.23673,-5.033272
63.340004,58.71106,-4.6289444
63.340004,58.71106,-4.6289444
68.65,64.323204,-4.3267975
68.65,64.323204,-4.3267975
19.56,20.458075,0.8980751
19.56,20.458075,0.8980751
68.79,65.306595,-3.483406
69.97,65.58052,-4.3894806
70.33,64.459274,-5.8707275
70.33,64.459274,-5.8707275
60.38,64.4393,4.0592995
60.38,64.4393,4.0592995
66.729996,63.413597,-3.3163986
65.88,65.33236,-0.54763794
65.88,65.33236,-0.54763794
60.77,61.357044,0.58704376
60.77,61.357044,0.58704376
60.27,63.66896,3.39896
60.27,63.66896,3.39896
60.180004,63.961475,3.7814713
60.180004,63.961475,3.7814713
59.19,64.54499,5.354992
57.22,65.326294,8.106293
57.22,65.326294,8.106293
65.29,64.39002,-0.89997864
28.060001,25.674013,-2.3859882
28.060001,25.674013,-2.3859882
65.43,64.561676,-0.8683243
62.6,64.42464,1.8246384
57.65,65.235344,7.5853424
57.65,65.235344,7.5853424
65.0,62.054276,-2.9457245
65.0,62.054276,-2.9457245
65.0,62.054276,-2.9457245
66.799995,64.65348,-2.146515
66.799995,64.65348,-2.146515
65.97,62.233788,-3.7362137
65.97,62.233788,-3.7362137
60.86,64.74554,3.8855362
60.86,64.74554,3.8855362
56.739998,63.96083,7.220833
56.739998,63.96083,7.220833
45.809998,39.528378,-6.28162
64.64,63.976444,-0.66355515
64.64,63.976444,-0.66355515
64.58,63.587605,-0.9923973
70.66,64.60699,-6.0530167
65.79,65.00216,-0.7878418
65.79,65.00216,-0.7878418
61.589996,63.569534,1.979538
65.869995,64.94946,-0.9205322
65.869995,64.94946,-0.9205322
59.84,62.784107,2.944107
59.84,62.784107,2.944107
61.67,61.676907,0.0069084167
61.67,61.676907,0.0069084167
32.81,40.38694,7.5769386
32.81,40.38694,7.5769386
59.41,64.6689,5.2588997
59.41,64.6689,5.2588997
61.96,64.44139,2.481392
61.96,64.44139,2.481392
53.149998,63.19683,10.046833
63.239998,62.88684,-0.35315704
57.239998,63.23894,5.9989433
57.239998,63.23894,5.9989433
59.960003,63.697296,3.7372932
60.96,64.73652,3.7765198
34.05,44.100895,10.050896
34.05,44.100895,10.050896
61.14,64.40043,3.2604294
20.890001,25.773222,4.8832207
68.66,63.806515,-4.853489
68.66,63.806515,-4.853489
53.359997,58.95482,5.594822
53.359997,58.95482,5.594822
67.86,62.82212,-5.03788
67.86,62.82212,-5.03788
61.53,63.131977,1.6019783
61.53,63.131977,1.6019783
60.65,63.22424,2.5742378
60.65,63.22424,2.5742378
60.2,63.891228,3.691227
60.2,63.891228,3.691227
66.479996,63.66789,-2.812107
71.100006,64.90957,-6.1904373
59.420002,63.14386,3.7238579
59.420002,63.14386,3.7238579
54.16,61.850727,7.690727
72.579994,64.81172,-7.7682724
72.579994,64.81172,-7.7682724
60.23,62.063538,1.833538
60.23,62.063538,1.833538
65.45,64.876305,-0.5736923
65.45,64.876305,-0.5736923
54.09,60.416294,6.326294
54.09,60.416294,6.326294
67.78,65.03859,-2.7414093
59.81,64.41594,4.605938
59.81,64.41594,4.605938
59.81,64.41594,4.605938
62.589996,63.14959,0.5595932
62.35,63.4691,1.1191025
66.6,63.24589,-3.354107
66.6,63.24589,-3.354107
47.38,46.128784,-1.2512169
65.14,63.412582,-1.727417
65.14,63.412582,-1.727417
59.350002,64.03311,4.6831093
59.350002,64.03311,4.6831093
64.8,63.367058,-1.4329453
64.8,63.367058,-1.4329453
64.25,65.321625,1.0716248
64.25,65.321625,1.0716248
48.25,40.576694,-7.6733055
48.25,40.576694,-7.6733055
59.069996,59.223503,0.15350723
59.069996,59.223503,0.15350723
66.28,63.920383,-2.3596153
66.28,63.920383,-2.3596153
66.619995,63.131054,-3.4889412
63.510002,64.14236,0.63235474
63.510002,64.14236,0.63235474
66.439995,64.61709,-1.8229065
66.439995,64.61709,-1.8229065
65.0,64.05301,-0.94699097
65.0,64.05301,-0.94699097
65.0,64.05301,-0.94699097
60.29,64.49768,4.2076797
60.29,64.49768,4.2076797
69.31,63.759983,-5.5500145
66.74,63.798683,-2.9413147
66.74,63.798683,-2.9413147
66.579994,64.12581,-2.4541855
66.579994,64.12581,-2.4541855
34.05,39.12899,5.078991
34.05,39.12899,5.078991
65.130005,63.257755,-1.8722496
25.67,29.913855,4.2438545
25.67,29.913855,4.2438545
66.509995,62.519127,-3.9908676
62.17,64.39303,2.22303
16.99,20.26918,3.2791805
67.68,65.33469,-2.345314
67.68,65.33469,-2.345314
54.48,64.19694,9.716938
54.48,64.19694,9.716938
61.989998,63.87823,1.8882332
61.989998,63.87823,1.8882332
60.88,64.19957,3.3195686
71.92,63.44612,-8.473877
71.92,63.44612,-8.473877
66.579994,62.691063,-3.8889313
66.579994,62.691063,-3.8889313
72.29,64.42559,-7.8644104
72.29,64.42559,-7.8644104
30.7,31.573233,0.8732319
30.7,31.573233,0.8732319
61.43,64.41734,2.9873428
61.43,64.41734,2.9873428
65.020004,65.0392,0.019195557
63.54,63.95418,0.41418076
63.54,63.95418,0.41418076
46.7,43.82245,-2.877552
46.7,43.82245,-2.877552
59.350002,63.22381,3.873806
59.350002,63.22381,3.873806
64.64,64.10334,-0.53665924
64.64,64.10334,-0.53665924
67.84,63.730137,-4.1098595
67.84,63.730137,-4.1098595
64.41,64.94635,0.53634644
69.11,64.79675,-4.3132477
65.16,63.33559,-1.8244133
65.16,63.33559,-1.8244133
57.489998,57.81138,0.32138062
57.489998,57.81138,0.32138062
60.88,63.9339,3.0538979
60.88,63.9339,3.0538979
63.71,65.03235,1.3223495
63.71,65.03235,1.3223495
64.590004,64.11241,-0.47759247
64.590004,64.11241,-0.47759247
66.759995,62.682373,-4.0776215
66.759995,62.682373,-4.0776215
50.5,60.834988,10.334988
59.51,64.00045,4.490452
59.51,64.00045,4.490452
69.67,64.78006,-4.8899384
69.67,64.78006,-4.8899384
62.050003,64.72746,2.6774597
70.36,64.988594,-5.3714066
70.36,64.988594,-5.3714066
65.33,63.979782,-1.3502197
65.33,63.979782,-1.3502197
58.01,64.26695,6.256954
62.47,64.67315,2.203148
62.47,64.67315,2.203148
65.31,63.670723,-1.6392746
65.31,63.670723,-1.6392746
50.089996,56.700253,6.610256
50.089996,56.700253,6.610256
66.43,63.335983,-3.094017
66.43,63.335983,-3.094017
68.34,64.71017,-3.6298294
68.34,64.71017,-3.6298294
65.11,64.36012,-0.7498779
65.11,64.36012,-0.7498779
62.54,64.607,2.0670013
62.54,64.607,2.0670013
58.41,64.82965,6.419651
58.41,64.82965,6.419651
53.750004,59.836937,6.086933
53.750004,59.836937,6.086933
60.2,63.408886,3.2088852
60.2,63.408886,3.2088852
63.190002,63.62593,0.43592834
55.5,65.37961,9.879608
55.5,65.37961,9.879608
64.16,64.335754,0.17575073
66.17,65.59747,-0.572525
66.17,65.59747,-0.572525
51.18,63.48182,12.301819
51.18,63.48182,12.301819
56.160004,60.999454,4.839451
56.160004,60.999454,4.839451
60.43,62.5911,2.1610985
54.25,64.45272,10.202721
54.54,63.28138,8.741379
21.55,24.542276,2.9922771
67.63,64.585045,-3.0449524
71.270004,63.94252,-7.327484
71.270004,63.94252,-7.327484
62.620003,64.08427,1.4642639
62.620003,64.08427,1.4642639
60.45,64.26019,3.810192
60.45,64.26019,3.810192
63.760002,63.98446,0.22445679
63.760002,63.98446,0.22445679
63.760002,63.98446,0.22445679
70.310005,64.731346,-5.578659
40.34,35.350677,-4.9893227
61.11,64.14012,3.0301208
66.5,63.36338,-3.1366196
70.590004,64.93753,-5.6524734
54.97,62.077206,7.1072044
64.420006,63.036694,-1.3833122
64.420006,63.036694,-1.3833122
41.89,34.005974,-7.8840256
41.89,34.005974,-7.8840256
65.7,62.392937,-3.3070602
65.7,62.392937,-3.3070602
52.460003,63.68371,11.223705
52.460003,63.68371,11.223705
70.98,64.69309,-6.286911
70.98,64.69309,-6.286911
61.68,64.89171,3.211708
61.68,64.89171,3.211708
25.67,22.828127,-2.8418732
25.67,22.828127,-2.8418732
35.989998,31.537348,-4.45265
35.989998,31.537348,-4.45265
29.640001,24.919188,-4.7208138
57.66,64.37453,6.714527
71.03001,63.28889,-7.7411156
61.619995,60.338974,-1.2810211
61.619995,60.338974,-1.2810211
61.15,64.549866,3.3998642
61.15,64.549866,3.3998642
66.5,63.58487,-2.9151306
56.940002,62.426697,5.4866943
56.940002,62.426697,5.4866943
66.04,64.062035,-1.9779663
66.04,64.062035,-1.9779663
50.089996,62.401306,12.31131
50.089996,62.401306,12.31131
60.06,64.019554,3.9595528
60.06,64.019554,3.9595528
49.62,62.6382,13.0182
59.51,60.85158,1.3415833
59.51,60.85158,1.3415833
59.51,60.85158,1.3415833
59.51,60.85158,1.3415833
65.79,65.41939,-0.3706131
65.79,65.41939,-0.3706131
69.24,65.140785,-4.0992126
52.23,59.73802,7.5080223
52.23,59.73802,7.5080223
62.690002,64.49198,1.8019791
67.34,64.52503,-2.8149643
65.200005,63.466633,-1.7333717
65.200005,63.466633,-1.7333717
19.56,20.241589,0.6815891
19.56,20.241589,0.6815891
65.11,64.510376,-0.59962463
65.11,64.510376,-0.59962463
71.99,62.450172,-9.539825
71.99,62.450172,-9.539825
63.39,65.087265,1.6972656
63.39,65.087265,1.6972656
61.619995,63.324547,1.7045517
61.619995,63.324547,1.7045517
65.060005,64.239456,-0.820549
70.060005,63.96271,-6.097294
70.060005,63.96271,-6.097294
66.799995,65.05937,-1.7406235
66.799995,65.05937,-1.7406235
53.31,63.28584,9.975838
12.2,22.79788,10.59788
12.2,22.79788,10.59788
70.33,64.47283,-5.85717
70.33,64.47283,-5.85717
61.309998,64.05992,2.7499237
61.309998,64.05992,2.7499237
57.67,62.293453,4.623455
57.67,62.293453,4.623455
57.67,62.293453,4.623455
70.83,64.14265,-6.687355
70.83,64.14265,-6.687355
66.67,62.448536,-4.2214622
71.12,65.08638,-6.0336227
71.270004,64.50954,-6.7604675
71.270004,64.50954,-6.7604675
70.44,63.61636,-6.8236427
70.44,63.61636,-6.8236427
61.58,62.8214,1.2413979
61.58,62.8214,1.2413979
58.289997,62.14543,3.8554344
58.289997,62.14543,3.8554344
57.239998,61.514526,4.2745285
57.239998,61.514526,4.2745285
62.39,62.503117,0.11311722
62.39,62.503117,0.11311722
49.3,58.53654,9.236542
49.3,58.53654,9.236542
62.6,63.72754,1.1275406
68.5,65.049385,-3.450615
70.62,64.071815,-6.5481873
70.62,64.071815,-6.5481873
59.44,61.876415,2.4364166
72.399994,63.454266,-8.945728
72.399994,63.454266,-8.945728
61.35,63.67075,2.3207512
63.75,60.147614,-3.6023865
63.75,60.147614,-3.6023865
67.659996,64.00608,-3.6539154
67.659996,64.00608,-3.6539154
67.7,64.06775,-3.632248
67.7,64.06775,-3.632248
68.7,64.42982,-4.2701797
68.7,64.42982,-4.2701797
71.29,64.58284,-6.707161
71.29,64.58284,-6.707161
61.519997,64.3321,2.8121033
63.54,63.832737,0.29273605
63.54,63.832737,0.29273605
66.08,64.40246,-1.6775436
66.08,64.40246,-1.6775436
58.09,63.005608,4.9156075
58.09,63.005608,4.9156075
63.54,64.49573,0.9557266
63.54,64.49573,0.9557266
54.37,62.258904,7.8889046
54.37,62.258904,7.8889046
62.89,64.25941,1.3694077
62.89,64.25941,1.3694077
50.410004,64.503044,14.09304
50.410004,64.503044,14.09304
67.69,64.55402,-3.1359787
67.69,64.55402,-3.1359787
67.69,64.55402,-3.1359787
70.340004,53.736603,-16.603401
60.43,63.2154,2.7854004
66.6,64.51279,-2.0872116
66.6,64.51279,-2.0872116
63.65,64.58505,0.93505096
63.65,64.58505,0.93505096
59.84,64.63152,4.791523
59.84,64.63152,4.791523
71.93,64.42771,-7.502289
62.11,63.703613,1.5936127
65.12,60.22142,-4.8985825
60.82,62.491245,1.6712456
60.82,62.491245,1.6712456
67.68,63.935684,-3.744316
67.68,63.935684,-3.744316
67.0,64.2972,-2.702797
59.52,64.07474,4.554737
65.130005,64.06737,-1.0626373
60.76,63.836998,3.0769997
60.76,63.836998,3.0769997
63.47,64.92927,1.4592667
63.47,64.92927,1.4592667
70.83,64.59051,-6.2394943
71.84,64.883736,-6.9562607
71.84,64.883736,-6.9562607
67.69,63.48078,-4.209221
67.69,63.48078,-4.209221
67.69,63.48078,-4.209221
68.04,64.189735,-3.8502655
68.04,64.189735,-3.8502655
66.299995,63.834866,-2.4651299
67.78,64.12328,-3.6567154
70.37,66.39473,-3.9752731
70.37,66.39473,-3.9752731
62.739998,64.60145,1.8614502
67.7,64.091095,-3.608902
67.7,64.091095,-3.608902
68.19,64.69203,-3.4979706
68.19,64.69203,-3.4979706
65.61,64.84699,-0.7630081
62.75,64.66291,1.9129105
62.75,64.66291,1.9129105
72.38,63.714428,-8.665569
72.38,63.714428,-8.665569
63.21,64.213005,1.003006
63.21,64.213005,1.003006
57.260002,63.695473,6.4354706
72.579994,65.42899,-7.151001
72.579994,65.42899,-7.151001
57.03,62.552666,5.522667
66.42,61.700146,-4.7198524
66.42,61.700146,-4.7198524
67.85,64.06111,-3.788887
67.85,64.06111,-3.788887
69.880005,64.689545,-5.19046
70.19,65.09821,-5.0917892
69.02,64.65184,-4.3681564
69.02,64.65184,-4.3681564
66.04,63.779045,-2.2609558
66.04,63.779045,-2.2609558
65.74,63.18946,-2.550537
65.74,63.18946,-2.550537
55.68,64.36319,8.683189
55.68,64.36319,8.683189
48.98,37.656246,-11.323753
71.12,65.35185,-5.7681503
71.12,65.35185,-5.7681503
66.67,64.43807,-2.231926
66.67,64.43807,-2.231926
61.769997,64.745056,2.9750595
61.0,62.867897,1.867897
66.99,62.77508,-4.214916
52.420002,62.20907,9.789066
52.420002,62.20907,9.789066
56.160004,64.733475,8.573471
56.160004,64.733475,8.573471
38.12,46.9059,8.7859
61.85,64.499054,2.6490555
64.420006,64.22598,-0.19402313
72.07,64.529526,-7.540474
65.100006,64.58841,-0.5115967
65.100006,64.58841,-0.5115967
69.590004,63.817017,-5.7729874
70.770004,64.119804,-6.6502
70.770004,64.119804,-6.6502
39.489998,32.601295,-6.8887024
67.189995,64.67348,-2.5165176
63.309998,64.46875,1.1587524
63.309998,64.46875,1.1587524
33.129997,35.22041,2.0904121
56.85,61.332966,4.4829674
69.41,59.296482,-10.113522
28.060001,20.268938,-7.7910633
28.060001,20.268938,-7.7910633
63.57,64.89047,1.3204727
63.57,64.89047,1.3204727
70.420006,64.91412,-5.5058823
70.420006,64.91412,-5.5058823
59.44,65.25308,5.8130836
59.44,65.25308,5.8130836
66.659996,63.86652,-2.793476
66.659996,63.86652,-2.793476
62.67,61.504406,-1.1655922
63.08,64.11361,1.0336075
63.08,64.11361,1.0336075
60.52,62.571007,2.0510063
64.03,63.956062,-0.07393646
64.03,63.956062,-0.07393646
62.589996,64.0702,1.4802017
62.589996,64.0702,1.4802017
61.53,60.232224,-1.2977753
61.53,60.232224,-1.2977753
65.58,63.854073,-1.7259293
71.130005,65.181595,-5.94841
71.130005,65.181595,-5.94841
71.130005,65.181595,-5.94841
65.45,65.23621,-0.21378326
65.45,65.23621,-0.21378326
68.09,63.887268,-4.2027283
68.09,63.887268,-4.2027283
57.239998,64.91956,7.6795654
57.239998,64.91956,7.6795654
69.4,63.28642,-6.1135826
69.4,63.28642,-6.1135826
63.510002,63.978924,0.46892166
63.510002,63.978924,0.46892166
60.78,63.088028,2.3080292
60.78,63.088028,2.3080292
57.32,62.06696,4.7469597
60.43,64.72418,4.294182
60.43,64.72418,4.294182
60.77,65.18912,4.419117
60.77,65.18912,4.419117
65.76,65.8418,0.08179474
51.86,64.380905,12.520905
51.86,64.380905,12.520905
60.320004,65.2603,4.940296
66.95,64.63385,-2.3161469
61.96,64.687294,2.727295
61.96,64.687294,2.727295
72.31,63.380463,-8.929535
72.31,63.380463,-8.929535
67.14,64.26831,-2.8716888
67.14,64.26831,-2.8716888
65.58,64.52054,-1.0594635
62.309998,61.542957,-0.76704025
62.309998,61.542957,-0.76704025
35.84,35.84588,0.0058784485
35.84,35.84588,0.0058784485
54.97,62.60536,7.635357
54.97,62.60536,7.635357
63.77,63.132168,-0.63783264
63.77,63.132168,-0.63783264
72.15,64.68021,-7.469795
61.75,63.297634,1.5476341
61.75,63.297634,1.5476341
51.08,59.199883,8.119881
51.08,59.199883,8.119881
66.97,62.625523,-4.3444786
70.25,64.85486,-5.3951416
63.88,64.00162,0.12161636
63.88,64.00162,0.12161636
46.54,48.768856,2.2288551
46.54,48.768856,2.2288551
60.54,63.855164,3.3151627
50.370003,64.9341,14.564095
50.370003,64.9341,14.564095
60.86,62.82269,1.9626884
60.86,62.82269,1.9626884
61.61,65.66521,4.0552063
64.340004,63.523777,-0.81622696
64.340004,63.523777,-0.81622696
69.700005,65.43062,-4.2693863
40.05,40.610615,0.56061554
61.79,64.49941,2.7094116
60.85,64.77352,3.923523
54.27,55.33281,1.062809
54.27,55.33281,1.062809
43.68,38.29364,-5.38636
43.68,38.29364,-5.38636
43.68,38.29364,-5.38636
62.660004,63.94398,1.2839775
62.660004,63.94398,1.2839775
65.53,64.754845,-0.7751541
61.379997,65.323364,3.943367
61.379997,65.323364,3.943367
61.39,64.484474,3.0944748
61.39,64.484474,3.0944748
53.09,62.571907,9.481907
53.09,62.571907,9.481907
61.57,63.482494,1.9124947
61.57,63.482494,1.9124947
63.260002,65.37574,2.115738
63.260002,65.37574,2.115738
67.13,64.18655,-2.943451
67.13,64.18655,-2.943451
63.47,64.59742,1.1274185
63.47,64.59742,1.1274185
65.729996,65.24584,-0.48415375
56.239998,63.40267,7.162674
56.239998,63.40267,7.162674
68.21,64.93234,-3.2776566
68.21,64.93234,-3.2776566
68.21,64.93234,-3.2776566
63.72,62.62673,-1.0932693
63.72,62.62673,-1.0932693
72.31,64.63378,-7.676216
72.31,64.63378,-7.676216
59.51,64.47817,4.968174
59.51,64.47817,4.968174
51.18,63.41961,12.239609
51.18,63.41961,12.239609
54.24,61.109154,6.869152
70.83,64.04227,-6.787735
70.83,64.04227,-6.787735
66.439995,64.35171,-2.0882874
66.439995,64.35171,-2.0882874
66.439995,64.35171,-2.0882874
72.13,64.280685,-7.849312
59.530003,59.231407,-0.29859543
66.32,64.89802,-1.4219818
51.86,61.799072,9.939072
51.86,61.799072,9.939072
59.51,63.07758,3.5675812
59.51,63.07758,3.5675812
59.51,63.07758,3.5675812
59.51,63.07758,3.5675812
52.179996,58.961308,6.781311
65.45,65.133606,-0.316391
65.45,65.133606,-0.316391
64.590004,60.77529,-3.8147125
64.590004,60.77529,-3.8147125
66.59,63.409595,-3.1804008
64.66,63.32894,-1.3310623
64.66,63.32894,-1.3310623
61.449997,62.52344,1.0734444
61.449997,62.52344,1.0734444
68.51,64.15379,-4.356209
68.51,64.15379,-4.356209
60.829998,64.744446,3.9144478
60.829998,64.744446,3.9144478
60.829998,64.744446,3.9144478
70.6,64.21896,-6.381035
43.68,38.37014,-5.30986
43.68,38.37014,-5.30986
43.68,38.37014,-5.30986
70.770004,63.186188,-7.5838165
70.770004,63.186188,-7.5838165
64.590004,65.23618,0.6461792
64.91,63.19601,-1.7139931
64.91,63.19601,-1.7139931
45.55,44.00051,-1.5494881
45.55,44.00051,-1.5494881
41.89,40.255424,-1.6345749
41.89,40.255424,-1.6345749
62.309998,64.89278,2.582779
63.510002,65.158035,1.6480331
67.86,62.565266,-5.294735
67.86,62.565266,-5.294735
65.33,63.366272,-1.9637299
65.33,63.366272,-1.9637299
63.309998,61.047245,-2.2627525
63.309998,61.047245,-2.2627525
65.14,63.396748,-1.7432518
66.409996,65.81981,-0.5901871
66.409996,65.81981,-0.5901871
64.8,63.49246,-1.3075447
64.8,63.49246,-1.3075447
68.66,63.7238,-4.936203
68.66,63.7238,-4.936203
64.46,65.28158,0.821579
64.46,65.28158,0.821579
66.67,63.770676,-2.8993225
66.67,63.770676,-2.8993225
63.47,63.354034,-0.1159668
62.54,64.57461,2.034607
62.54,64.57461,2.034607
63.91,64.484314,0.5743141
45.55,53.25843,7.7084312
45.55,53.25843,7.7084312
69.06,65.23822,-3.8217773
69.06,65.23822,-3.8217773
62.660004,64.2857,1.6256943
62.660004,64.2857,1.6256943
63.33,64.88754,1.5575409
62.47,53.84726,-8.622742
62.47,53.84726,-8.622742
60.61,62.643402,2.0334015
60.61,62.643402,2.0334015
60.69,60.662235,-0.027763367
60.69,60.662235,-0.027763367
63.77,63.415737,-0.3542633
63.77,63.415737,-0.3542633
62.739998,63.413925,0.6739273
62.739998,63.413925,0.6739273
64.03,63.041233,-0.9887657
64.03,63.041233,-0.9887657
67.729996,64.34921,-3.380783
67.729996,64.34921,-3.380783
63.71,64.77889,1.0688934
63.71,64.77889,1.0688934
68.76,64.490845,-4.2691574
59.49,64.471275,4.9812737
65.31,64.67327,-0.6367264
65.31,64.67327,-0.6367264
71.130005,63.543518,-7.586487
71.130005,63.543518,-7.586487
71.130005,63.543518,-7.586487
69.630005,64.01486,-5.615143
69.630005,64.01486,-5.615143
61.43,63.63063,2.2006302
61.43,63.63063,2.2006302
69.25,65.15147,-4.0985336
69.16,64.39162,-4.768387
61.39,64.32939,2.939392
61.39,64.32939,2.939392
66.68,63.887524,-2.7924767
66.68,63.887524,-2.7924767
69.75,64.456116,-5.2938843
69.75,64.456116,-5.2938843
44.05,47.83667,3.7866707
65.43,63.71553,-1.7144699
29.640001,33.385338,3.7453365
51.32,58.502655,7.1826553
65.07,63.14886,-1.9211388
66.119995,64.269035,-1.8509598
65.65,63.692623,-1.9573784
63.520004,62.988705,-0.5312996
63.520004,62.988705,-0.5312996
68.37,63.920067,-4.449936
68.75,61.374115,-7.375885
64.9,64.390396,-0.5096054
64.9,64.390396,-0.5096054
60.3,63.925022,3.625023
60.3,63.925022,3.625023
60.52,61.300133,0.7801323
60.52,61.300133,0.7801323
70.58,62.993385,-7.5866165
70.58,62.993385,-7.5866165
66.149994,63.980453,-2.1695404
66.149994,63.980453,-2.1695404
55.93,63.762527,7.832527
55.93,63.762527,7.832527
69.38,62.65798,-6.7220154
69.38,62.65798,-6.7220154
64.850006,63.586964,-1.2630424
64.850006,63.586964,-1.2630424
68.48,63.509094,-4.970909
57.66,63.81202,6.1520195
57.66,63.81202,6.1520195
55.010002,64.92266,9.912659
55.010002,64.92266,9.912659
67.259995,63.710957,-3.549038
67.259995,63.710957,-3.549038
72.21,64.17548,-8.034515
72.21,64.17548,-8.034515
56.53,63.938576,7.408577
64.22,63.399227,-0.8207741
70.78,62.979733,-7.8002663
65.240005,63.883938,-1.3560677
61.17,63.356125,2.1861267
61.17,63.356125,2.1861267
68.54,61.943596,-6.596405
68.54,61.943596,-6.596405
42.579998,43.735287,1.1552887
62.010002,60.13514,-1.8748627
62.010002,60.13514,-1.8748627
64.03,61.34646,-2.6835403
64.03,61.34646,-2.6835403
60.280003,63.5894,3.3093987
60.280003,63.5894,3.3093987
60.8,62.071438,1.2714386
60.8,62.071438,1.2714386
60.600002,61.13105,0.5310478
61.549995,63.292473,1.7424774
61.549995,63.292473,1.7424774
66.38,64.885376,-1.4946213
23.980001,26.79287,2.812868
66.409996,63.753117,-2.6568794
66.409996,63.753117,-2.6568794
59.37,61.960327,2.5903282
59.37,61.960327,2.5903282
22.89,30.16367,7.27367
22.89,30.16367,7.27367
62.97,64.33104,1.3610382
62.97,64.33104,1.3610382
66.409996,63.56082,-2.8491745
66.409996,63.56082,-2.8491745
58.06,63.919987,5.8599854
58.06,63.919987,5.8599854
34.13,33.653034,-0.47696686
62.260002,63.762177,1.5021744
62.260002,63.762177,1.5021744
58.24,64.224014,5.9840126
58.24,64.224014,5.9840126
60.69,62.501186,1.8111877
67.2,64.00363,-3.1963654
67.2,64.00363,-3.1963654
65.42,63.84434,-1.5756569
60.399998,64.1991,3.799099
60.399998,64.1991,3.799099
66.68,63.15738,-3.5226212
66.68,63.15738,-3.5226212
61.01,60.199158,-0.8108406
61.01,60.199158,-0.8108406
59.079998,63.334473,4.2544746
59.079998,63.334473,4.2544746
64.35,64.73844,0.388443
58.16,61.42782,3.2678185
58.16,61.42782,3.2678185
66.939995,62.57968,-4.3603134
66.939995,62.57968,-4.3603134
55.75,61.37836,5.6283607
55.75,61.37836,5.6283607
66.009995,64.022514,-1.9874802
66.009995,64.022514,-1.9874802
68.54,64.339516,-4.200485
68.54,64.339516,-4.200485
64.380005,62.10629,-2.273716
71.42,64.18032,-7.2396774
71.42,64.18032,-7.2396774
69.53,62.85836,-6.6716385
69.53,62.85836,-6.6716385
64.43,65.034676,0.6046753
59.98,62.658604,2.6786041
59.98,62.658604,2.6786041
64.770004,63.678925,-1.0910797
64.770004,63.678925,-1.0910797
63.21,64.09804,0.88803864
63.21,64.09804,0.88803864
69.32,64.01582,-5.3041763
69.32,64.01582,-5.3041763
61.75,63.658207,1.9082069
61.75,63.658207,1.9082069
69.65,63.870346,-5.7796555
69.65,63.870346,-5.7796555
67.56,64.86903,-2.6909637
67.56,64.86903,-2.6909637
65.979996,63.520348,-2.4596481
65.979996,63.520348,-2.4596481
65.979996,63.520348,-2.4596481
61.75,63.25633,1.5063286
61.75,63.25633,1.5063286
68.54,64.34928,-4.1907196
63.0,63.866425,0.86642456
63.0,63.866425,0.86642456
61.96,63.87379,1.9137917
68.69,62.86441,-5.825592
68.69,62.86441,-5.825592
64.66,63.718014,-0.9419899
64.66,63.718014,-0.9419899
62.300003,64.39335,2.0933456
62.300003,64.39335,2.0933456
69.97,64.35923,-5.610771
69.97,64.35923,-5.610771
64.98,63.204693,-1.7753105
64.98,63.204693,-1.7753105
69.22,64.06392,-5.156082
69.22,64.06392,-5.156082
65.060005,63.952045,-1.1079597
65.060005,63.952045,-1.1079597
56.71,62.205517,5.4955177
56.71,62.205517,5.4955177
68.1,64.16653,-3.9334717
66.729996,60.183113,-6.5468826
66.729996,60.183113,-6.5468826
63.97,64.82535,0.8553467
62.760002,61.973087,-0.7869148
59.280003,64.07313,4.793125
56.53,60.186058,3.6560593
56.53,60.186058,3.6560593
30.779999,28.520218,-2.259781
30.779999,28.520218,-2.259781
69.18,64.3661,-4.813904
60.52,58.917583,-1.602417
60.52,58.917583,-1.602417
70.450005,63.893837,-6.5561676
62.510002,63.6267,1.1166992
64.600006,65.13297,0.5329666
64.600006,65.13297,0.5329666
59.249996,63.6659,4.415905
59.249996,63.6659,4.415905
69.26,63.865177,-5.394825
69.26,63.865177,-5.394825
54.5,63.834965,9.334965
54.5,63.834965,9.334965
57.7,63.172203,5.4722023
57.7,63.172203,5.4722023
27.26,42.09673,14.836729
27.26,42.09673,14.836729
65.16,64.30943,-0.8505707
68.27,62.947357,-5.3226395
68.27,62.947357,-5.3226395
65.26,63.353043,-1.9069595
65.26,63.353043,-1.9069595
62.47,62.13821,-0.33179092
27.26,20.13215,-7.1278496
27.26,20.13215,-7.1278496
62.010002,64.25037,2.240364
62.010002,64.25037,2.240364
66.299995,63.604862,-2.6951332
66.299995,63.604862,-2.6951332
60.5,63.735687,3.2356873
60.5,63.735687,3.2356873
63.480003,62.896805,-0.58319855
66.75,63.019382,-3.7306175
69.53,64.02754,-5.5024567
69.53,64.02754,-5.5024567
52.07,62.85431,10.784309
68.76,63.56606,-5.193943
56.68,64.112015,7.4320145
56.68,64.112015,7.4320145
59.16,62.58126,3.4212608
22.550001,20.894007,-1.6559944
55.199997,64.223274,9.023277
55.199997,64.223274,9.023277
40.37,55.458153,15.088154
59.26,62.893494,3.6334953
59.26,62.893494,3.6334953
59.26,62.893494,3.6334953
65.270004,65.15605,-0.11395264
65.270004,65.15605,-0.11395264
63.450005,62.187798,-1.262207
70.490005,63.82935,-6.660656
70.490005,63.82935,-6.660656
61.1,64.87699,3.7769928
60.75,63.16665,2.4166489
60.75,63.16665,2.4166489
63.65,63.904495,0.2544937
56.93,63.036476,6.106476
65.979996,64.39067,-1.589325
65.979996,64.39067,-1.589325
65.979996,64.39067,-1.589325
63.059998,60.804504,-2.2554932
63.059998,60.804504,-2.2554932
28.16,25.143492,-3.016508
28.16,25.143492,-3.016508
69.75,63.5971,-6.1529007
69.75,63.5971,-6.1529007
63.91,64.15445,0.24444962
63.91,64.15445,0.24444962
59.069996,62.891777,3.8217812
59.069996,62.891777,3.8217812
66.77,64.748985,-2.0210114
66.77,64.748985,-2.0210114
60.8,63.211655,2.4116554
60.8,63.211655,2.4116554
61.4,62.647682,1.2476807
61.4,62.647682,1.2476807
63.489998,61.958607,-1.5313911
71.32,63.943977,-7.3760223
71.32,63.943977,-7.3760223
71.32,63.943977,-7.3760223
67.56,63.458443,-4.101555
66.79,63.540154,-3.2498474
66.79,63.540154,-3.2498474
71.81,64.57717,-7.232826
71.81,64.57717,-7.232826
63.04,63.06435,0.024349213
67.2,63.777554,-3.4224434
67.2,63.777554,-3.4224434
71.73,64.22644,-7.503563
60.399998,63.8971,3.4971008
60.399998,63.8971,3.4971008
64.270004,64.13755,-0.13245392
64.270004,64.13755,-0.13245392
72.42,63.09989,-9.3201065
72.42,63.09989,-9.3201065
50.809998,62.981594,12.171597
50.809998,62.981594,12.171597
50.809998,62.981594,12.171597
70.3,63.877625,-6.4223785
70.3,63.877625,-6.4223785
54.5,63.912083,9.412083
54.5,63.912083,9.412083
67.09,64.63975,-2.4502487
67.09,64.63975,-2.4502487
62.83,60.36395,-2.466053
62.83,60.36395,-2.466053
59.850002,60.78094,0.9309387
65.26,63.67234,-1.5876617
65.26,63.67234,-1.5876617
60.74,63.849003,3.1090012
67.09,64.765175,-2.3248215
67.09,64.765175,-2.3248215
61.519997,63.709976,2.1899796
46.19,34.578083,-11.611916
60.329998,62.910057,2.580059
60.329998,62.910057,2.580059
60.329998,62.910057,2.580059
59.079998,64.11456,5.034565
59.079998,64.11456,5.034565
14.27,35.750927,21.480927
14.27,35.750927,21.480927
14.27,35.750927,21.480927
64.66,63.783955,-0.87604904
64.66,63.783955,-0.87604904
59.920002,64.34985,4.4298515
59.920002,64.34985,4.4298515
62.760002,62.756775,-0.003227234
62.760002,62.756775,-0.003227234
62.300003,64.51167,2.21167
62.300003,64.51167,2.21167
59.920002,63.849754,3.9297523
59.920002,63.849754,3.9297523
66.509995,63.46135,-3.048645
41.61,32.207508,-9.402493
23.199999,26.613716,3.4137173
67.58,63.970142,-3.6098595
67.58,63.970142,-3.6098595
61.58,64.07064,2.4906387
61.58,64.07064,2.4906387
66.14,64.07141,-2.0685883
67.58,62.146664,-5.433338
67.58,62.146664,-5.433338
57.7,63.65331,5.953308
57.7,63.65331,5.953308
63.090004,63.728977,0.63897324
63.090004,63.728977,0.63897324
70.270004,61.18127,-9.088734
70.270004,61.18127,-9.088734
70.850006,64.11284,-6.7371674
70.850006,64.11284,-6.7371674
52.69,61.604088,8.914089
69.26,64.71349,-4.546509
69.26,64.71349,-4.546509
63.4,64.1334,0.73339844
63.4,64.1334,0.73339844
61.01,63.830257,2.820259
61.01,63.830257,2.820259
65.64,63.784748,-1.8552513
55.79,58.734,2.9440002
67.2,61.64533,-5.5546684
67.2,61.64533,-5.5546684
63.32,64.196884,0.87688446
63.32,64.196884,0.87688446
54.9,64.4815,9.581497
54.9,64.4815,9.581497
68.51,63.98378,-4.526222
68.51,63.98378,-4.526222
65.82,64.84932,-0.97068024
65.82,64.84932,-0.97068024
65.88,64.75374,-1.1262589
65.88,64.75374,-1.1262589
61.18,64.513145,3.3331451
64.850006,63.109135,-1.7408714
64.850006,63.109135,-1.7408714
49.51,62.30884,12.798843
49.51,62.30884,12.798843
67.009995,64.67288,-2.3371124
31.740002,25.541422,-6.19858
31.740002,25.541422,-6.19858
64.090004,65.325615,1.235611
64.090004,65.325615,1.235611
60.3,62.338493,2.038494
60.3,62.338493,2.038494
67.61,64.16491,-3.4450912
67.61,64.16491,-3.4450912
66.04,64.0582,-1.9818039
57.38,61.341934,3.9619331
67.58,62.915813,-4.6641884
67.58,62.915813,-4.6641884
22.51,44.35002,21.840021
22.51,44.35002,21.840021
55.93,63.61019,7.680191
55.93,63.61019,7.680191
61.23,63.43125,2.201252
61.23,63.43125,2.201252
57.97,63.784702,5.814701
57.97,63.784702,5.814701
57.230003,61.729095,4.499092
61.64,59.228916,-2.4110832
61.64,59.228916,-2.4110832
55.6,63.090103,7.4901047
65.77,63.49352,-2.2764778
66.28999,62.55502,-3.734974
62.17,62.45274,0.28274155
62.17,62.45274,0.28274155
67.13,64.07061,-3.0593872
67.13,64.07061,-3.0593872
66.049995,61.860573,-4.1894226
66.049995,61.860573,-4.1894226
71.33,63.8233,-7.5067024
65.3,62.820286,-2.4797173
65.3,62.820286,-2.4797173
60.01,64.01449,4.00449
71.32,62.563717,-8.756283
71.32,62.563717,-8.756283
71.32,62.563717,-8.756283
61.03,63.45555,2.4255524
62.83,64.61147,1.7814713
62.83,64.61147,1.7814713
59.98,59.43467,-0.54533005
59.98,59.43467,-0.54533005
63.89,62.077797,-1.8122025
63.89,62.077797,-1.8122025
63.89,62.077797,-1.8122025
66.02,63.770737,-2.24926
69.340004,64.69958,-4.6404266
69.340004,64.69958,-4.6404266
65.57,62.777805,-2.7921944
65.57,62.777805,-2.7921944
62.97,63.318336,0.34833527
62.97,63.318336,0.34833527
59.37,61.98276,2.6127625
59.37,61.98276,2.6127625
59.069996,60.437305,1.3673096
67.04,62.23538,-4.8046227
64.1,64.46301,0.36301422
66.06,63.28994,-2.7700577
66.06,63.28994,-2.7700577
71.81,64.12528,-7.6847153
71.81,64.12528,-7.6847153
66.299995,63.622604,-2.677391
66.299995,63.622604,-2.677391
68.159996,64.97453,-3.185463
68.159996,64.97453,-3.185463
68.159996,64.97453,-3.185463
59.899998,63.655025,3.7550278
59.899998,63.655025,3.7550278
65.15,64.91237,-0.23763275
65.15,64.91237,-0.23763275
67.74,64.03653,-3.7034683
68.93,63.75656,-5.173439
68.93,63.75656,-5.173439
60.65,61.803257,1.1532555
60.65,61.803257,1.1532555
69.93,63.617302,-6.3126984
62.269997,64.082664,1.8126678
59.680004,63.532375,3.8523712
53.73,63.09931,9.369312
53.73,63.09931,9.369312
63.91,63.593925,-0.31607437
63.91,63.593925,-0.31607437
69.14,62.54366,-6.59634
69.14,62.54366,-6.59634
61.309998,63.815857,2.5058594
61.309998,63.815857,2.5058594
23.24,33.730206,10.490206
69.32,63.343723,-5.9762764
69.32,63.343723,-5.9762764
63.660004,62.8617,-0.7983055
63.660004,62.8617,-0.7983055
62.21,63.851555,1.6415558
62.21,63.851555,1.6415558
65.979996,63.794647,-2.1853485
65.979996,63.794647,-2.1853485
65.979996,63.794647,-2.1853485
68.159996,60.943634,-7.216362
68.159996,60.943634,-7.216362
68.159996,60.943634,-7.216362
46.83,44.17161,-2.65839
46.83,44.17161,-2.65839
66.939995,61.485336,-5.4546585
66.939995,61.485336,-5.4546585
70.07,64.09997,-5.9700317
66.79,58.257954,-8.532047
66.79,58.257954,-8.532047
58.06,63.37385,5.3138504
58.06,63.37385,5.3138504
62.870003,62.952526,0.082523346
63.89,62.593014,-1.2969856
63.89,62.593014,-1.2969856
63.89,62.593014,-1.2969856
59.140003,64.57743,5.4374275
62.379997,64.2314,1.8514023
62.379997,64.2314,1.8514023
62.379997,64.67294,2.2929459
62.379997,64.67294,2.2929459
29.249998,27.47915,-1.7708473
64.270004,63.51524,-0.75476456
64.270004,63.51524,-0.75476456
66.54,63.066917,-3.4730835
66.54,63.066917,-3.4730835
57.66,64.04613,6.3861275
57.66,64.04613,6.3861275
60.219997,63.58273,3.362732
55.43,64.2647,8.834702
55.43,64.2647,8.834702
60.56,63.56681,3.0068092
66.009995,64.31292,-1.6970749
66.009995,64.31292,-1.6970749
60.98,63.933193,2.9531937
60.98,63.933193,2.9531937
65.37,61.6637,-3.7063026
72.479996,64.62434,-7.8556595
62.550003,63.90029,1.3502884
62.550003,63.90029,1.3502884
53.2,60.19199,6.991989
53.2,60.19199,6.991989
65.060005,63.964706,-1.0952988
65.060005,63.964706,-1.0952988
68.98,62.484062,-6.495941
68.98,62.484062,-6.495941
54.4,62.001904,7.601902
54.4,62.001904,7.601902
57.33,61.875065,4.545063
57.33,61.875065,4.545063
62.79,64.11301,1.3230057
63.53,64.53788,1.0078812
63.53,64.53788,1.0078812
62.989998,62.74106,-0.24893951
62.989998,62.74106,-0.24893951
62.989998,62.74106,-0.24893951
45.67,48.560608,2.8906097
45.67,48.560608,2.8906097
14.27,23.70305,9.43305
14.27,23.70305,9.43305
14.27,23.70305,9.43305
56.47,61.187435,4.717434
56.47,61.187435,4.717434
59.26,62.735634,3.4756355
59.26,62.735634,3.4756355
59.26,62.735634,3.4756355
71.86,63.864136,-7.995865
53.73,62.385048,8.655048
53.73,62.385048,8.655048
67.409996,62.623394,-4.786602
67.409996,62.623394,-4.786602
70.83,64.00515,-6.824852
44.47,41.53932,-2.9306793
67.15,61.982666,-5.1673355
67.15,61.982666,-5.1673355
35.75,42.41108,6.6610794
67.54,64.35586,-3.184143
67.54,64.35586,-3.184143
68.86,62.63562,-6.2243805
68.86,62.63562,-6.2243805
52.100002,63.57736,11.477356
52.100002,63.57736,11.477356
55.010002,60.70987,5.6998672
55.010002,60.70987,5.6998672
68.159996,64.18995,-3.970047
68.159996,64.18995,-3.970047
68.159996,64.18995,-3.970047
59.710003,63.245876,3.5358734
62.58,64.680954,2.1009521
62.58,64.680954,2.1009521
68.32,64.276024,-4.043976
68.32,64.276024,-4.043976
59.930004,63.814823,3.884819
59.930004,63.814823,3.884819
56.489998,61.468178,4.97818
56.489998,61.468178,4.97818
53.350002,62.838734,9.488731
53.350002,62.838734,9.488731
20.61,34.636887,14.026886
20.61,34.636887,14.026886
67.27,64.27783,-2.9921646
62.989998,61.99571,-0.9942894
62.989998,61.99571,-0.9942894
62.989998,61.99571,-0.9942894
61.4,64.679565,3.279564
61.4,64.679565,3.279564
67.119995,63.875664,-3.2443314
67.119995,63.875664,-3.2443314
60.65,63.746197,3.0961952
60.65,63.746197,3.0961952
64.83,64.03698,-0.79302216
62.550003,62.869274,0.3192711
62.550003,62.869274,0.3192711
61.339996,63.45796,2.117962
62.620003,63.24091,0.62090683
62.620003,63.24091,0.62090683
62.760002,63.13525,0.37524796
62.760002,63.13525,0.37524796
62.92,65.28946,2.369461
62.92,65.28946,2.369461
67.61,62.55573,-5.0542717
67.61,62.55573,-5.0542717
67.74,63.15518,-4.584816
61.979996,63.68333,1.7033348
70.880005,64.19266,-6.6873474
70.880005,64.19266,-6.6873474
33.76,38.133797,4.3737984
33.76,38.133797,4.3737984
61.79,61.52643,-0.2635727
42.03,57.815315,15.785316
67.409996,63.95827,-3.451725
67.409996,63.95827,-3.451725
60.79,62.8739,2.0839005
19.0,26.490387,7.490387
19.0,26.490387,7.490387
63.410004,63.75455,0.34454727
61.11,63.80856,2.6985588
61.11,63.80856,2.6985588
32.27,34.948997,2.678997
63.77,64.28811,0.51810837
63.77,64.28811,0.51810837
34.61,32.786095,-1.823906
34.61,32.786095,-1.823906
72.25,64.81058,-7.4394226
72.25,64.81058,-7.4394226
63.86,62.70204,-1.157959
65.42,61.527126,-3.8928719
65.42,61.527126,-3.8928719
66.06,63.560802,-2.499195
66.06,63.560802,-2.499195
37.17,39.353615,2.1836166
37.17,39.353615,2.1836166
64.090004,63.241123,-0.84888077
64.090004,63.241123,-0.84888077
23.08,23.124136,0.044136047
54.56,61.137432,6.5774307
54.56,61.137432,6.5774307
54.56,61.137432,6.5774307
64.03,62.852287,-1.1777115
64.03,62.852287,-1.1777115
50.269997,53.36506,3.0950623
67.03,64.13431,-2.895691
67.03,64.13431,-2.895691
61.269997,63.150936,1.8809395
65.090004,63.94011,-1.1498947
61.23,64.252525,3.0225258
61.23,64.252525,3.0225258
63.410004,63.832016,0.42201233
71.94,62.469555,-9.470448
71.94,62.469555,-9.470448
16.949999,23.637434,6.687435
16.949999,23.637434,6.687435
62.17,64.158485,1.9884872
62.17,64.158485,1.9884872
57.1,63.981247,6.8812485
57.1,63.981247,6.8812485
58.359997,62.355553,3.9955559
63.0,62.595516,-0.4044838
63.0,62.595516,-0.4044838
61.78,62.08494,0.30494308
61.78,62.08494,0.30494308
62.809998,63.91912,1.1091232
62.809998,63.91912,1.1091232
68.52,63.352562,-5.1674347
56.339996,60.349186,4.0091896
56.339996,60.349186,4.0091896
72.21,63.5526,-8.657398
72.21,63.5526,-8.657398
59.69,63.044815,3.3548164
59.69,63.044815,3.3548164
62.059998,64.429184,2.3691864
62.059998,64.429184,2.3691864
57.309998,63.35123,6.041233
57.309998,63.35123,6.041233
65.88,63.557667,-2.3223305
65.88,63.557667,-2.3223305
60.13,62.966496,2.8364944
60.13,62.966496,2.8364944
67.259995,63.856083,-3.4039116
67.259995,63.856083,-3.4039116
53.2,62.27559,9.075588
53.2,62.27559,9.075588
42.34,28.937077,-13.402924
59.500004,62.9378,3.4377975
61.549995,63.964417,2.414421
61.549995,63.964417,2.414421
68.86,64.226875,-4.6331253
68.86,64.226875,-4.6331253
46.51,34.985153,-11.524845
63.059998,63.712193,0.652195
63.059998,63.712193,0.652195
59.670002,62.449337,2.779335
63.61,63.44848,-0.16152191
68.54,64.51774,-4.0222626
68.54,64.51774,-4.0222626
53.860004,60.336327,6.476322
53.860004,60.336327,6.476322
63.14,64.18353,1.0435333
63.14,64.18353,1.0435333
62.92,63.234756,0.3147583
60.280003,64.77827,4.4982643
60.280003,64.77827,4.4982643
34.37,27.688316,-6.6816826
56.82,61.073868,4.253868
63.33,65.48786,2.1578598
63.33,65.48786,2.1578598
71.42,65.18464,-6.235359
71.42,65.18464,-6.235359
67.479996,64.53498,-2.945015
65.04,64.0192,-1.0207977
65.04,64.0192,-1.0207977
60.75,63.869827,3.1198273
60.75,63.869827,3.1198273
67.17,60.909695,-6.2603035
40.87,33.236332,-7.633667
67.02,63.72558,-3.2944183
67.02,63.72558,-3.2944183
56.339996,63.723106,7.38311
56.339996,63.723106,7.38311
66.909996,61.426617,-5.4833794
59.8,62.354774,2.5547752
59.8,62.354774,2.5547752
65.44,63.998882,-1.4411201
65.44,63.998882,-1.4411201
69.770004,64.11403,-5.6559753
69.770004,64.11403,-5.6559753
67.04,64.503876,-2.5361252
67.04,64.503876,-2.5361252
63.660004,62.351696,-1.3083076
63.660004,62.351696,-1.3083076
59.079998,61.627026,2.5470276
59.079998,61.627026,2.5470276
56.18,62.27521,6.095211
56.18,62.27521,6.095211
65.44,62.888474,-2.551529
65.44,62.888474,-2.551529
63.21,63.944626,0.73462677
63.21,63.944626,0.73462677
63.059998,64.02582,0.9658203
34.61,32.563488,-2.0465126
34.61,32.563488,-2.0465126
54.9,63.85443,8.95443
54.9,63.85443,8.95443
68.71,62.856365,-5.853634
67.02,64.552185,-2.4678116
67.02,64.552185,-2.4678116
65.65,63.0586,-2.5914001
65.65,63.0586,-2.5914001
53.350002,64.05562,10.705616
53.350002,64.05562,10.705616
63.53,63.928665,0.39866638
63.53,63.928665,0.39866638
50.809998,62.648464,11.838467
50.809998,62.648464,11.838467
50.809998,62.648464,11.838467
65.3,63.783234,-1.5167694
65.3,63.783234,-1.5167694
70.840004,62.579124,-8.2608795
55.71,64.04807,8.338074
67.13,63.595665,-3.5343323
67.13,63.595665,-3.5343323
64.66,63.261032,-1.3989716
64.66,63.261032,-1.3989716
65.869995,63.523586,-2.3464088
63.25,64.27707,1.0270691
70.48,63.943512,-6.5364914
70.48,63.943512,-6.5364914
52.55,58.30807,5.758072
65.26,64.73775,-0.52225494
65.26,64.73775,-0.52225494
61.809998,63.99003,2.1800308
68.54,64.05263,-4.4873734
68.54,64.05263,-4.4873734
50.809998,60.11766,9.307663
50.809998,60.11766,9.307663
50.809998,60.11766,9.307663
61.15,54.45566,-6.6943398
61.15,54.45566,-6.6943398
71.94,64.329544,-7.6104584
71.94,64.329544,-7.6104584
28.36,34.322254,5.9622536
28.36,34.322254,5.9622536
61.71,62.744617,1.0346184
55.43,63.80593,8.375931
55.43,63.80593,8.375931
54.43,63.86233,9.432331
58.32,60.829865,2.5098648
58.429996,63.351208,4.9212112
61.870003,64.34335,2.4733505
21.14,32.279552,11.139553
61.769997,62.73654,0.9665451
68.6,64.23241,-4.367592
71.39,64.05844,-7.331558
52.02,61.73776,9.717758
67.119995,63.33333,-3.7866669
67.119995,63.33333,-3.7866669
61.17,62.44776,1.2777634
59.73,62.795956,3.065956
68.81,63.092567,-5.71743
68.81,63.092567,-5.71743
72.25,62.101,-10.148998
72.25,62.101,-10.148998
67.04,63.499336,-3.5406647
67.04,63.499336,-3.5406647
65.6,63.712616,-1.8873825
65.6,63.712616,-1.8873825
54.56,61.345993,6.7859917
54.56,61.345993,6.7859917
54.56,61.345993,6.7859917
65.26,62.29074,-2.9692612
65.26,62.29074,-2.9692612
69.17,64.911835,-4.2581635
69.17,64.911835,-4.2581635
64.11,64.56789,0.45788574
22.51,24.474758,1.9647579
22.51,24.474758,1.9647579
60.5,64.10538,3.6053772
60.5,64.10538,3.6053772
62.120003,64.361404,2.2414017
62.120003,64.361404,2.2414017
66.049995,62.493855,-3.556141
69.38,63.50315,-5.8768463
69.38,63.50315,-5.8768463
60.56,63.94391,3.3839073
60.56,63.94391,3.3839073
63.17,63.708336,0.5383377
62.14,63.66952,1.529522
67.2,59.467922,-7.7320747
67.2,59.467922,-7.7320747
40.5,27.289846,-13.210154
56.71,63.841896,7.131897
56.71,63.841896,7.131897
59.039997,63.609566,4.5695686
70.32,64.41766,-5.902336
70.32,64.41766,-5.902336
70.32,64.41766,-5.902336
70.850006,63.798904,-7.0511017
70.850006,63.798904,-7.0511017
44.54,30.65786,-13.882141
68.27,64.125946,-4.1440506
68.27,64.125946,-4.1440506
41.420002,59.12686,17.70686
68.81,65.46371,-3.3462906
68.81,65.46371,-3.3462906
63.489998,63.460804,-0.029193878
67.049995,64.30733,-2.7426682
72.89,64.50014,-8.389862
64.72,62.958546,-1.7614555
59.039997,62.084824,3.0448265
59.039997,62.084824,3.0448265
45.67,49.837,4.1670036
45.67,49.837,4.1670036
62.260002,64.110916,1.850914
62.260002,64.110916,1.850914
63.090004,61.768524,-1.3214798
63.090004,61.768524,-1.3214798
59.039997,62.289757,3.2497597
59.039997,62.289757,3.2497597
56.53,62.093086,5.5630875
56.53,62.093086,5.5630875
55.409996,63.993176,8.583179
72.67,63.721596,-8.948402
72.67,63.721596,-8.948402
67.54,64.76471,-2.7752914
67.54,64.76471,-2.7752914
64.700005,61.403137,-3.2968674
64.700005,61.403137,-3.2968674
70.630005,63.46333,-7.1666756
70.630005,63.46333,-7.1666756
64.740005,63.663464,-1.0765419
64.740005,63.663464,-1.0765419
41.72,38.22982,-3.490181
41.72,38.22982,-3.490181
62.059998,61.892788,-0.16720963
62.059998,61.892788,-0.16720963
62.58,63.265697,0.68569565
62.58,63.265697,0.68569565
64.9,64.41428,-0.48571777
64.9,64.41428,-0.48571777
69.42,63.986607,-5.4333916
69.42,63.986607,-5.4333916
37.4,60.833336,23.433334
37.4,60.833336,23.433334
65.23,62.515884,-2.714119
62.46,61.96993,-0.49007034
62.46,61.96993,-0.49007034
52.63,61.86002,9.230019
14.27,28.19668,13.92668
14.27,28.19668,13.92668
14.27,28.19668,13.92668
65.81,64.38411,-1.4258881
63.22,64.59769,1.3776855
63.760002,63.36758,-0.39242172
69.54,61.327736,-8.212265
69.54,61.327736,-8.212265
67.5,63.210922,-4.2890778
67.58,63.940037,-3.639965
67.58,63.940037,-3.639965
31.740002,26.403675,-5.3363266
31.740002,26.403675,-5.3363266
64.380005,61.754887,-2.6251183
37.17,63.14087,25.970871
37.17,63.14087,25.970871
60.98,61.81131,0.8313103
60.98,61.81131,0.8313103
19.0,22.458935,3.4589348
19.0,22.458935,3.4589348
60.74,63.91045,3.1704483
60.74,63.91045,3.1704483
65.65,63.48908,-2.160923
69.78,64.72826,-5.0517426
66.6,64.18695,-2.4130478
61.11,63.700676,2.5906754
61.11,63.700676,2.5906754
58.16,63.7185,5.5584984
58.16,63.7185,5.5584984
60.13,63.05608,2.9260788
60.13,63.05608,2.9260788
69.340004,63.880592,-5.4594116
69.340004,63.880592,-5.4594116
62.760002,63.261425,0.5014229
68.63,61.231064,-7.3989334
69.14,62.691135,-6.448864
69.14,62.691135,-6.448864
59.69,61.3532,1.6632004
59.69,61.3532,1.6632004
71.310005,63.97116,-7.3388443
61.01,62.758713,1.7487144
63.010002,62.00265,-1.0073509
60.05,63.283997,3.2339973
61.78,62.372917,0.5929184
61.78,62.372917,0.5929184
72.14,63.765358,-8.374641
59.930004,64.78852,4.8585167
59.930004,64.78852,4.8585167
65.49,62.451725,-3.0382729
11.71,20.239027,8.529027
61.440002,64.10876,2.6687546
61.440002,64.10876,2.6687546
52.100002,59.889656,7.789654
52.100002,59.889656,7.789654
71.32,61.456974,-9.863026
71.32,61.456974,-9.863026
71.32,61.456974,-9.863026
60.329998,63.564796,3.2347984
60.329998,63.564796,3.2347984
60.329998,63.564796,3.2347984
65.88,63.339962,-2.5400352
65.88,63.339962,-2.5400352
40.86,57.027275,16.167274
62.769997,63.860004,1.0900078
62.769997,63.860004,1.0900078
69.06,64.31815,-4.741844
69.06,64.31815,-4.741844
63.739998,64.12695,0.38695526
57.1,64.03388,6.9338837
57.1,64.03388,6.9338837
53.55,63.024788,9.474789
53.55,63.024788,9.474789
62.21,62.275295,0.06529617
62.21,62.275295,0.06529617
68.65,63.349743,-5.3002586
69.55,63.727917,-5.8220863
70.630005,62.816093,-7.8139114
70.630005,62.816093,-7.8139114
66.21,64.24021,-1.9697876
63.660004,63.12379,-0.5362129
22.89,41.538944,18.648945
22.89,41.538944,18.648945
44.37,32.351543,-12.0184555
67.03,64.34747,-2.6825256
67.03,64.34747,-2.6825256
59.170002,62.335938,3.1659355
36.379997,31.04424,-5.3357563
62.550003,63.740654,1.1906509
70.48,63.402866,-7.077137
70.48,63.402866,-7.077137
62.660004,64.14926,1.4892578
62.660004,64.14926,1.4892578
40.29,37.2135,-3.0765
70.840004,63.52623,-7.313774
54.070004,64.0985,10.0285
49.66,63.760067,14.100067
59.039997,64.35349,5.3134956
59.039997,64.35349,5.3134956
53.55,63.773067,10.223068
53.55,63.773067,10.223068
64.770004,61.35652,-3.4134827
64.770004,61.35652,-3.4134827
60.65,63.600105,2.9501038
65.57,64.30802,-1.2619781
65.57,64.30802,-1.2619781
70.490005,63.938087,-6.551918
70.490005,63.938087,-6.551918
63.32,64.47257,1.1525726
63.32,64.47257,1.1525726
36.84,24.302155,-12.537846
64.740005,63.741905,-0.9981003
64.740005,63.741905,-0.9981003
72.67,63.635475,-9.034523
72.67,63.635475,-9.034523
62.35,63.92127,1.57127
57.21,63.44368,6.2336807
63.660004,64.08376,0.42375946
63.660004,64.08376,0.42375946
68.8,64.5403,-4.2597046
68.8,64.5403,-4.2597046
60.94,63.32515,2.385151
60.94,63.32515,2.385151
70.97,60.769688,-10.200314
69.06,64.43079,-4.629204
69.06,64.43079,-4.629204
59.8,60.910618,1.1106186
59.8,60.910618,1.1106186
41.72,35.475777,-6.2442245
41.72,35.475777,-6.2442245
63.660004,63.819443,0.15943909
63.660004,63.819443,0.15943909
37.82,43.57618,5.75618
70.32,63.698208,-6.621792
70.32,63.698208,-6.621792
70.32,63.698208,-6.621792
63.4,63.059628,-0.340374
63.4,63.059628,-0.340374
65.18,63.910877,-1.2691231
69.97,63.357258,-6.6127434
69.97,63.357258,-6.6127434
64.79,64.12385,-0.66615295
63.520004,63.23323,-0.28677368
63.520004,63.23323,-0.28677368
62.58,62.722248,0.14224625
64.950005,63.322437,-1.6275673
70.83,64.37953,-6.45047
62.53,63.727104,1.1971054
66.79,63.32404,-3.4659615
66.78,63.858265,-2.9217339
66.78,63.858265,-2.9217339
64.51,64.440346,-0.06965637
72.42,64.82876,-7.59124
72.42,64.82876,-7.59124
58.41,63.599373,5.189373
66.67,63.570374,-3.0996246
57.42,61.723793,4.303795
57.42,61.723793,4.303795
71.84,63.990276,-7.84972
56.68,63.771725,7.0917244
56.68,63.771725,7.0917244
59.069996,61.956955,2.886959
59.069996,61.956955,2.886959
58.14,63.719566,5.579567
68.93,63.541676,-5.3883247
68.93,63.541676,-5.3883247
70.26,63.83124,-6.4287605
70.26,63.83124,-6.4287605
56.47,51.83291,-4.6370926
56.47,51.83291,-4.6370926
54.56,62.965332,8.405331
54.56,62.965332,8.405331
54.56,62.965332,8.405331
64.66,63.33278,-1.3272247
64.66,63.33278,-1.3272247
69.5,63.97099,-5.529011
65.65,61.949028,-3.7009735
65.65,61.949028,-3.7009735
60.329998,63.91951,3.5895119
60.329998,63.91951,3.5895119
50.65,53.01876,2.3687592
70.490005,63.53301,-6.956997
70.3,63.35379,-6.946213
70.3,63.35379,-6.946213
59.249996,61.98192,2.7319221
59.249996,61.98192,2.7319221
61.309998,64.167015,2.8570175
61.309998,64.167015,2.8570175
60.72,64.58511,3.8651123
62.620003,65.37817,2.7581635
62.620003,65.37817,2.7581635
64.130005,64.276245,0.14624023
64.130005,64.276245,0.14624023
59.87,63.716633,3.846634
59.87,63.716633,3.846634
69.590004,63.216763,-6.3732414
55.0,63.02454,8.02454
61.05,64.13167,3.0816689
60.74,63.360085,2.6200829
60.74,63.360085,2.6200829
67.31,63.695137,-3.6148605
67.31,63.695137,-3.6148605
59.87,62.97829,3.1082916
59.87,62.97829,3.1082916
62.79,63.734787,0.9447861
62.79,63.734787,0.9447861
59.95,60.611187,0.6611862
63.33,64.25728,0.9272766
63.33,64.25728,0.9272766
66.78,64.59378,-2.1862183
66.78,64.59378,-2.1862183
53.399998,63.717087,10.317089
53.399998,63.717087,10.317089
37.4,33.54315,-3.8568497
37.4,33.54315,-3.8568497
59.079998,60.598064,1.5180664
59.079998,60.598064,1.5180664
65.42,63.31089,-2.109108
65.42,63.31089,-2.109108
68.29,64.06934,-4.2206573
68.29,64.06934,-4.2206573
62.239998,63.853325,1.613327
72.27,62.672443,-9.597553
57.9,63.548325,5.648323
60.180004,57.70462,-2.4753838
60.7,55.138386,-5.561615
65.82,63.28958,-2.5304184
65.82,63.28958,-2.5304184
57.309998,55.527275,-1.7827225
57.309998,55.527275,-1.7827225
71.67,64.33982,-7.3301773
58.24,63.123764,4.8837624
58.24,63.123764,4.8837624
69.9,63.56105,-6.338951
60.89,63.138985,2.2489853
60.89,63.138985,2.2489853
66.77,64.11835,-2.6516495
66.77,64.11835,-2.6516495
48.76,64.07326,15.313259
69.22,64.14842,-5.071579
69.22,64.14842,-5.071579
62.660004,61.790894,-0.8691101
62.660004,61.790894,-0.8691101
65.56,63.336243,-2.223755
66.729996,64.55418,-2.1758194
46.83,46.898594,0.06859207
46.83,46.898594,0.06859207
56.57,63.982426,7.412426
64.62,63.35944,-1.2605629
64.62,63.35944,-1.2605629
61.03,63.9781,2.948101
68.82,64.16701,-4.6529922
60.98,64.2416,3.2616005
66.49,64.11593,-2.3740692
64.600006,64.51107,-0.08893585
64.600006,64.51107,-0.08893585
60.56,61.750847,1.1908455
60.56,61.750847,1.1908455
64.62,63.65316,-0.96684265
64.62,63.65316,-0.96684265
70.87,64.82314,-6.0468597
69.54,61.520554,-8.019447
69.54,61.520554,-8.019447
49.51,61.83768,12.3276825
49.51,61.83768,12.3276825
62.42,64.17718,1.7571793
62.42,64.17718,1.7571793
59.350002,64.07559,4.7255898
36.78,40.454945,3.6749458
61.989998,63.988674,1.9986763
57.97,65.17922,7.209221
66.049995,64.17101,-1.8789825
66.049995,64.17101,-1.8789825
58.12,63.697006,5.5770073
68.69,56.455868,-12.234135
68.69,56.455868,-12.234135
67.22,64.78856,-2.4314423
61.58,62.56661,0.9866066
61.58,62.56661,0.9866066
66.43,63.904697,-2.525303
65.270004,63.67321,-1.5967941
65.270004,63.67321,-1.5967941
67.56,63.74569,-3.8143082
67.56,63.74569,-3.8143082
51.190002,62.632454,11.4424515
51.190002,62.632454,11.4424515
61.440002,60.68113,-0.758873
61.440002,60.68113,-0.758873
50.660004,58.91231,8.252308
70.32,63.879513,-6.440487
70.32,63.879513,-6.440487
70.32,63.879513,-6.440487
62.79,63.6272,0.83720016
62.79,63.6272,0.83720016
60.57,64.108315,3.5383148
60.48,63.946297,3.4662971
60.48,63.946297,3.4662971
55.620003,63.384045,7.764042
63.14,63.811813,0.67181396
63.14,63.811813,0.67181396
61.879997,60.198013,-1.681984
53.860004,62.83812,8.978115
53.860004,62.83812,8.978115
63.89,54.726315,-9.163685
63.89,54.726315,-9.163685
63.89,54.726315,-9.163685
68.32,64.6649,-3.655098
68.32,64.6649,-3.655098
54.4,59.89483,5.4948273
54.4,59.89483,5.4948273
55.199997,64.01213,8.812134
55.199997,64.01213,8.812134
60.16,62.52923,2.3692284
60.94,63.56442,2.6244202
60.94,63.56442,2.6244202
53.399998,64.104965,10.7049675
53.399998,64.104965,10.7049675
53.27,61.190994,7.920994
62.989998,63.428543,0.43854523
62.989998,63.428543,0.43854523
62.989998,63.428543,0.43854523
62.120003,64.12006,2.000061
62.120003,64.12006,2.000061
20.61,20.303865,-0.30613518
20.61,20.303865,-0.30613518
60.329998,63.672787,3.3427887
60.329998,63.672787,3.3427887
60.329998,62.733246,2.4032478
60.329998,62.733246,2.4032478
60.329998,62.733246,2.4032478
67.15,63.11175,-4.03825
67.15,63.11175,-4.03825
64.700005,63.054733,-1.6452713
64.700005,63.054733,-1.6452713
64.130005,63.517387,-0.6126175
64.130005,63.517387,-0.6126175
28.36,36.636703,8.276703
28.36,36.636703,8.276703
63.95,63.84967,-0.10033035
66.54,62.558193,-3.9818077
66.54,62.558193,-3.9818077
66.27,60.53008,-5.7399178
61.05,62.2635,1.213501
60.100002,63.707,3.6069984
60.100002,63.707,3.6069984
61.64,61.916744,0.27674484
61.64,61.916744,0.27674484
65.59,63.998592,-1.591404
63.75,63.328735,-0.42126465
61.71,64.93071,3.2207108
61.71,64.93071,3.2207108
57.33,63.80963,6.4796295
57.33,63.80963,6.4796295
59.899998,63.216656,3.316658
59.899998,63.216656,3.316658
60.320004,58.383507,-1.9364967
70.97,63.372303,-7.597698
65.15,65.01952,-0.1304779
65.15,65.01952,-0.1304779
33.76,25.444138,-8.315861
33.76,25.444138,-8.315861
57.97,63.79086,5.820858
57.97,63.79086,5.820858
66.729996,63.91266,-2.817337
66.729996,63.91266,-2.817337
61.21,63.925613,2.7156143
68.8,62.50216,-6.297844
68.8,62.50216,-6.297844
61.17,61.836285,0.66628647
61.17,61.836285,0.66628647
53.94,63.48591,9.54591
69.17,62.66791,-6.5020866
69.17,62.66791,-6.5020866
60.48,62.902462,2.4224625
60.48,62.902462,2.4224625
63.77,63.25961,-0.51039124
63.77,63.25961,-0.51039124
34.53,26.815533,-7.714466
60.65,64.17167,3.5216675
61.71,63.23285,1.52285
61.71,63.23285,1.52285
66.149994,63.935352,-2.2146416
66.149994,63.935352,-2.2146416
62.190002,62.931168,0.74116516
51.190002,61.71469,10.524689
51.190002,61.71469,10.524689
62.54,64.33934,1.7993393
44.710003,63.902153,19.19215
68.29,63.539143,-4.7508583
68.29,63.539143,-4.7508583
52.3,63.94022,11.640221
52.3,63.94022,11.640221
68.98,63.79313,-5.1868744
68.98,63.79313,-5.1868744
62.809998,60.403854,-2.4061432
62.809998,60.403854,-2.4061432
37.78,40.99818,3.2181816
64.98,64.70592,-0.274086
64.98,64.70592,-0.274086
62.769997,63.618134,0.8481369
62.769997,63.618134,0.8481369
55.75,61.660828,5.9108276
55.75,61.660828,5.9108276
60.100002,62.11852,2.0185165
60.100002,62.11852,2.0185165
59.039997,62.34805,3.308052
59.039997,62.34805,3.308052
62.71,63.714504,1.0045052
62.71,63.714504,1.0045052
60.36,63.44593,3.0859299
70.58,63.575424,-7.0045776
70.58,63.575424,-7.0045776
70.270004,63.43956,-6.8304443
70.270004,63.43956,-6.8304443
68.51,63.201977,-5.3080254
68.51,63.201977,-5.3080254
61.15,63.030827,1.880825
61.15,63.030827,1.880825
57.340004,63.13306,5.7930565
65.46,63.62776,-1.8322372
57.42,62.603302,5.183304
57.42,62.603302,5.183304
28.16,36.376152,8.216152
28.16,36.376152,8.216152
31.259998,32.760807,1.5008087
70.0,63.282864,-6.7171364
70.0,63.282864,-6.7171364
63.86,64.094696,0.23469543
71.18,63.038498,-8.141502
65.6,62.61633,-2.9836693
65.6,62.61633,-2.9836693
70.26,64.388016,-5.8719864
70.26,64.388016,-5.8719864
40.34,36.35875,-3.9812508
60.89,63.06987,2.1798706
60.89,63.06987,2.1798706
62.71,63.784348,1.0743484
62.71,63.784348,1.0743484
67.31,63.781883,-3.5281143
67.31,63.781883,-3.5281143
56.18,62.079437,5.899437
56.18,62.079437,5.899437
69.770004,60.846596,-8.9234085
69.770004,60.846596,-8.9234085
64.87,63.725037,-1.1449661
69.42,63.58973,-5.830269
69.42,63.58973,-5.830269
70.0,64.28639,-5.713608
70.0,64.28639,-5.713608
59.26,63.87207,4.612072
59.26,63.87207,4.612072
59.26,63.87207,4.612072
65.04,63.99966,-1.0403404
65.04,63.99966,-1.0403404
16.949999,26.924683,9.974684
16.949999,26.924683,9.974684
50.800003,60.71872,9.918716
69.65,65.66914,-3.9808578
69.65,65.66914,-3.9808578
70.880005,64.62529,-6.254715
70.880005,64.62529,-6.254715
62.42,62.933125,0.5131264
62.42,62.933125,0.5131264
65.88,64.19633,-1.68367
65.88,64.19633,-1.68367
55.369995,64.06709,8.697098
30.779999,24.676517,-6.1034813
30.779999,24.676517,-6.1034813
62.92,64.699715,1.7797165
62.92,64.699715,1.7797165
56.489998,63.465427,6.9754295
56.489998,63.465427,6.9754295
62.46,65.29667,2.83667
62.46,65.29667,2.83667
52.3,62.293976,9.993977
52.3,62.293976,9.993977
69.450005,64.819725,-4.6302795
59.69,64.4552,4.7652016
59.69,64.4552,4.7652016
50.050003,64.02584,13.975838
50.050003,64.02584,13.975838
58.31,63.41651,5.10651
58.31,63.41651,5.10651
59.24,63.719116,4.4791145
59.24,63.719116,4.4791145
70.96,64.98107,-5.9789276
70.96,64.98107,-5.9789276
60.96,64.26673,3.3067322
60.96,64.26673,3.3067322
68.52,66.05041,-2.4695892
65.21,64.242004,-0.9679947
65.21,64.242004,-0.9679947
66.409996,65.821304,-0.5886917
60.62,65.458206,4.8382072
58.01,63.442986,5.432987
58.01,63.442986,5.432987
69.25,64.90803,-4.3419724
69.25,64.90803,-4.3419724
56.660004,64.80332,8.143318
56.660004,64.80332,8.143318
63.15,65.16015,2.010147
70.840004,65.5491,-5.290901
70.840004,65.5491,-5.290901
52.850002,60.70304,7.853039
59.109997,64.75033,5.6403313
59.109997,64.75033,5.6403313
63.590004,65.52589,1.9358826
63.590004,65.52589,1.9358826
66.64,65.722664,-0.9173355
66.64,65.722664,-0.9173355
58.01,64.85527,6.845272
58.01,64.85527,6.845272
70.37,66.396225,-3.9737778
70.37,66.396225,-3.9737778
63.84,65.38929,1.5492897
63.84,65.38929,1.5492897
68.9,65.28832,-3.611679
64.130005,64.85217,0.72216797
64.130005,64.85217,0.72216797
65.55,64.3809,-1.1691055
65.55,64.3809,-1.1691055
66.159996,62.061535,-4.098461
66.159996,62.061535,-4.098461
48.94,40.49576,-8.444237
48.94,40.49576,-8.444237
62.840004,65.5824,2.7423935
69.880005,64.804504,-5.0755005
65.5,65.26702,-0.23297882
62.879997,64.6554,1.7754059
62.879997,64.6554,1.7754059
61.35,65.0939,3.743904
61.35,65.0939,3.743904
63.53,65.007286,1.4772873
63.160004,64.270836,1.1108322
63.160004,64.270836,1.1108322
62.97,64.92011,1.9501114
62.97,64.92011,1.9501114
62.97,64.92011,1.9501114
72.939995,64.96074,-7.9792557
59.109997,65.48655,6.3765526
59.109997,65.48655,6.3765526
62.260002,58.914726,-3.3452759
62.260002,58.914726,-3.3452759
72.92,65.240486,-7.679512
72.92,65.240486,-7.679512
40.18,25.20271,-14.977291
65.26,65.818146,0.5581436
65.26,65.818146,0.5581436
63.739998,62.89556,-0.84443665
63.739998,62.89556,-0.84443665
63.739998,62.89556,-0.84443665
62.339996,65.295616,2.9556198
72.19,64.950874,-7.239128
72.19,64.950874,-7.239128
67.96,64.79468,-3.1653214
67.96,64.79468,-3.1653214
65.81,64.3911,-1.4188995
65.81,64.3911,-1.4188995
57.760002,64.825806,7.0658035
57.760002,64.825806,7.0658035
55.059998,66.10409,11.04409
65.67,62.429504,-3.2404938
65.67,62.429504,-3.2404938
66.43,65.334465,-1.0955353
60.51,62.695225,2.1852264
60.51,62.695225,2.1852264
65.36,62.227676,-3.1323242
65.36,62.227676,-3.1323242
64.62,61.509556,-3.110447
62.72,64.467445,1.7474442
62.72,64.467445,1.7474442
63.58,65.24716,1.66716
63.58,65.24716,1.66716
61.18,64.86272,3.6827164
61.18,64.86272,3.6827164
67.439995,63.524216,-3.915779
26.460001,23.565353,-2.8946476
63.22,65.056786,1.8367844
63.22,65.056786,1.8367844
63.059998,64.10624,1.0462418
63.059998,64.10624,1.0462418
54.22,65.96058,11.740578
54.22,65.96058,11.740578
67.18,66.292404,-0.88759613
67.18,66.292404,-0.88759613
57.57,61.32399,3.7539902
57.57,61.32399,3.7539902
68.49,65.08957,-3.4004288
67.64,63.86159,-3.778408
67.64,63.86159,-3.778408
70.28,66.4704,-3.8096008
70.28,66.4704,-3.8096008
65.11,65.40927,0.29927063
65.11,65.40927,0.29927063
50.82,58.643795,7.8237953
50.82,58.643795,7.8237953
65.26,64.36243,-0.8975754
65.26,64.36243,-0.8975754
69.87,65.681496,-4.188507
69.87,65.681496,-4.188507
67.72,64.7552,-2.964798
60.98,66.02558,5.045582
60.98,66.02558,5.045582
60.98,66.02558,5.045582
60.98,66.02558,5.045582
66.329994,65.199554,-1.1304398
66.329994,65.199554,-1.1304398
63.550003,65.68117,2.1311646
63.550003,65.68117,2.1311646
63.550003,65.68117,2.1311646
68.48,62.157803,-6.322201
68.48,62.157803,-6.322201
64.07,65.737686,1.6676865
64.07,65.737686,1.6676865
60.579998,65.06224,4.4822426
60.579998,65.06224,4.4822426
70.69,65.8003,-4.889702
70.69,65.8003,-4.889702
62.050003,65.56212,3.5121155
62.050003,65.56212,3.5121155
61.35,62.274307,0.9243088
61.35,62.274307,0.9243088
67.39,65.06394,-2.3260574
67.39,65.06394,-2.3260574
59.24,65.2367,5.9967003
60.219997,65.76858,5.54858
60.219997,65.76858,5.54858
45.489998,35.807823,-9.682175
45.489998,35.807823,-9.682175
66.329994,65.49745,-0.8325424
66.329994,65.49745,-0.8325424
68.39,64.930664,-3.4593353
68.39,64.930664,-3.4593353
68.39,64.930664,-3.4593353
60.8,64.75479,3.954792
60.8,64.75479,3.954792
68.87,65.32962,-3.5403824
68.87,65.32962,-3.5403824
72.99,65.73259,-7.257408
72.99,65.73259,-7.257408
57.760002,60.58853,2.8285294
57.760002,60.58853,2.8285294
65.7,61.353104,-4.3468933
65.7,61.353104,-4.3468933
68.39,65.715416,-2.6745834
68.39,65.715416,-2.6745834
68.39,65.715416,-2.6745834
65.240005,65.0457,-0.19430542
61.09,64.576225,3.4862251
61.09,64.576225,3.4862251
61.09,64.576225,3.4862251
61.0,65.430336,4.430336
61.0,65.430336,4.430336
68.22,62.18363,-6.0363693
68.22,62.18363,-6.0363693
64.880005,64.83003,-0.049972534
64.590004,65.57032,0.98031616
64.590004,65.57032,0.98031616
62.08,64.95835,2.8783493
71.770004,63.05805,-8.711956
71.770004,63.05805,-8.711956
65.03,64.52802,-0.501976
62.97,64.92443,1.9544296
62.97,64.92443,1.9544296
62.97,64.92443,1.9544296
68.66,65.24216,-3.4178467
68.66,65.24216,-3.4178467
55.299995,62.43106,7.1310654
55.299995,62.43106,7.1310654
57.57,63.47719,5.9071884
57.57,63.47719,5.9071884
64.82,64.937035,0.11703491
67.64,65.05401,-2.585991
67.64,65.05401,-2.585991
50.68,61.86764,11.187641
50.68,61.86764,11.187641
64.54,64.633194,0.093193054
64.54,64.633194,0.093193054
62.120003,64.293846,2.1738434
62.840004,64.42019,1.5801849
72.19,66.21598,-5.974022
72.19,66.21598,-5.974022
60.98,60.665695,-0.31430435
60.98,60.665695,-0.31430435
60.98,60.665695,-0.31430435
60.98,60.665695,-0.31430435
66.159996,63.176895,-2.983101
66.159996,63.176895,-2.983101
48.53,42.69396,-5.8360405
48.53,42.69396,-5.8360405
60.55,64.24667,3.6966743
60.55,64.24667,3.6966743
67.39,61.652725,-5.737274
67.39,61.652725,-5.737274
62.339996,65.15921,2.8192139
62.339996,65.15921,2.8192139
64.47,64.54109,0.0710907
64.47,64.54109,0.0710907
64.380005,65.12559,0.7455826
64.380005,65.12559,0.7455826
62.309998,65.50768,3.1976852
62.309998,65.50768,3.1976852
62.300003,64.90293,2.6029282
66.159996,64.99322,-1.1667786
66.159996,64.99322,-1.1667786
58.13,62.562584,4.432583
58.13,62.562584,4.432583
63.760002,63.363914,-0.39608765
63.760002,63.363914,-0.39608765
60.8,64.43837,3.6383705
60.8,64.43837,3.6383705
62.879997,65.268394,2.3883972
62.879997,65.268394,2.3883972
54.51,61.454784,6.944786
54.51,61.454784,6.944786
61.18,65.703094,4.523094
61.18,65.703094,4.523094
38.45,38.823914,0.3739128
38.45,38.823914,0.3739128
70.560005,65.10286,-5.4571457
72.92,65.38315,-7.53685
72.92,65.38315,-7.53685
59.02,61.96339,2.94339
69.44,66.26573,-3.1742706
63.07,65.62143,2.5514297
63.07,65.62143,2.5514297
63.370003,65.30643,1.9364243
63.370003,65.30643,1.9364243
67.69,63.85714,-3.8328629
67.69,63.85714,-3.8328629
62.300003,63.45883,1.1588287
62.300003,63.45883,1.1588287
58.26,65.20351,6.943508
58.26,65.20351,6.943508
69.51,64.945015,-4.564987
67.69,64.98932,-2.7006836
67.69,64.98932,-2.7006836
70.66,64.444374,-6.2156296
70.66,64.444374,-6.2156296
51.25,59.081768,7.831768
71.03001,65.45915,-5.570854
66.009995,65.35294,-0.6570511
66.53,62.623196,-3.9068031
66.53,62.623196,-3.9068031
64.01,64.97502,0.9650192
61.409996,64.3239,2.9139023
58.31,65.07384,6.763836
58.31,65.07384,6.763836
67.92,63.776867,-4.1431313
67.92,63.776867,-4.1431313
64.450005,65.64789,1.1978836
65.100006,64.120155,-0.97985077
72.04,65.60682,-6.433182
72.04,65.60682,-6.433182
61.440002,65.721245,4.2812424
60.8,63.53679,2.7367897
63.97,64.91008,0.94007874
63.97,64.91008,0.94007874
62.64,62.06078,-0.5792198
62.64,62.06078,-0.5792198
64.58,65.52156,0.94155884
64.58,65.52156,0.94155884
54.36,57.554955,3.194954
54.36,57.554955,3.194954
69.43,63.85287,-5.5771294
69.43,63.85287,-5.5771294
65.55,66.03239,0.48238373
65.55,66.03239,0.48238373
72.84,65.00058,-7.8394165
72.84,65.00058,-7.8394165
66.63,63.342422,-3.2875748
66.63,63.342422,-3.2875748
67.18,64.828835,-2.3511658
67.18,64.828835,-2.3511658
71.79,65.22027,-6.5697327
71.79,65.22027,-6.5697327
70.19,64.793846,-5.3961563
70.19,64.793846,-5.3961563
59.750004,65.77661,6.0266075
59.750004,65.77661,6.0266075
71.96,65.54496,-6.415039
71.96,65.54496,-6.415039
63.6,66.220535,2.6205368
63.6,66.220535,2.6205368
68.28,64.318535,-3.961464
67.29,64.99171,-2.298294
67.29,64.99171,-2.298294
71.72,64.47211,-7.2478943
71.72,64.47211,-7.2478943
45.489998,55.776512,10.286514
45.489998,55.776512,10.286514
60.96,65.24962,4.2896194
60.96,65.24962,4.2896194
70.18,65.27863,-4.901367
68.66,65.34404,-3.3159637
68.66,65.34404,-3.3159637
62.840004,65.19193,2.3519287
72.84,65.21052,-7.6294785
72.84,65.21052,-7.6294785
71.81,65.410706,-6.399292
71.81,65.410706,-6.399292
59.649998,63.78973,4.1397324
59.649998,63.78973,4.1397324
67.53,64.725235,-2.8047638
68.93,65.24169,-3.6883087
68.93,65.24169,-3.6883087
62.03,65.35793,3.3279343
62.03,65.35793,3.3279343
70.66,65.62363,-5.036377
70.66,65.62363,-5.036377
68.409996,63.24463,-5.165367
68.409996,63.24463,-5.165367
64.08,63.837086,-0.2429161
62.36,63.03414,0.67414093
62.36,63.03414,0.67414093
64.700005,65.37889,0.6788864
68.2,61.959732,-6.240265
42.59,35.03547,-7.554531
62.309998,65.84403,3.5340347
62.309998,65.84403,3.5340347
62.949997,65.48283,2.5328293
62.949997,65.48283,2.5328293
66.63,63.83328,-2.7967186
66.63,63.83328,-2.7967186
70.66,65.96701,-4.692993
70.66,65.96701,-4.692993
69.15,65.177666,-3.9723358
66.59,65.456604,-1.1333923
66.59,65.456604,-1.1333923
44.46,42.33504,-2.124958
63.61,64.110466,0.5004654
63.61,64.110466,0.5004654
66.71,64.67607,-2.033928
68.409996,64.80552,-3.604477
68.409996,64.80552,-3.604477
72.619995,66.345894,-6.2741013
72.619995,66.345894,-6.2741013
62.64,61.336143,-1.3038559
62.64,61.336143,-1.3038559
63.760002,63.693737,-0.066265106
63.760002,63.693737,-0.066265106
69.520004,63.9383,-5.581703
69.520004,63.9383,-5.581703
61.690002,66.46396,4.7739563
64.21,65.33665,1.126648
64.21,65.33665,1.126648
61.97,65.042885,3.0728836
61.97,65.042885,3.0728836
61.799995,65.73741,3.937416
59.750004,65.81435,6.0643425
59.750004,65.81435,6.0643425
62.18,65.52722,3.3472214
62.18,65.52722,3.3472214
65.020004,65.59266,0.5726547
65.380005,65.25587,-0.12413788
62.519997,64.82025,2.3002548
62.519997,64.82025,2.3002548
55.299995,65.51253,10.212532
55.299995,65.51253,10.212532
59.649998,65.31691,5.666912
63.47,65.76375,2.293747
63.47,65.76375,2.293747
68.66,64.8078,-3.8522034
68.66,64.8078,-3.8522034
69.65,65.88656,-3.763443
69.65,65.88656,-3.763443
70.17,65.17395,-4.996048
48.94,55.078148,6.1381493
48.94,55.078148,6.1381493
69.43,64.37002,-5.0599823
69.43,64.37002,-5.0599823
69.950005,65.31103,-4.638977
63.28,63.792645,0.5126457
67.159996,65.54798,-1.6120148
62.019997,65.37053,3.3505325
62.019997,65.37053,3.3505325
64.840004,66.069046,1.229042
62.879997,65.71903,2.839035
62.879997,65.71903,2.839035
68.22,65.00273,-3.21727
68.22,65.00273,-3.21727
56.43,61.687363,5.2573624
65.07,65.87401,0.8040085
64.670006,65.07864,0.408638
64.670006,65.07864,0.408638
67.0,63.90848,-3.0915184
68.85,64.57507,-4.274925
68.85,64.57507,-4.274925
55.85,61.39324,5.5432434
55.85,61.39324,5.5432434
59.81,63.520576,3.710575
59.81,63.520576,3.710575
64.21,65.70903,1.4990311
64.21,65.70903,1.4990311
40.29,33.4388,-6.8512
40.29,33.4388,-6.8512
68.39,65.34134,-3.0486603
68.39,65.34134,-3.0486603
68.39,65.34134,-3.0486603
69.590004,66.61209,-2.977913
69.590004,66.61209,-2.977913
66.64,65.3261,-1.3138962
66.64,65.3261,-1.3138962
69.44,65.963554,-3.476448
69.44,65.963554,-3.476448
60.93,64.17765,3.2476501
63.6,65.87082,2.2708206
63.6,65.87082,2.2708206
70.78,64.321144,-6.4588547
70.78,64.321144,-6.4588547
70.28,65.17095,-5.109047
70.28,65.17095,-5.109047
64.93,65.62215,0.6921463
64.93,65.62215,0.6921463
42.879997,38.895546,-3.9844513
59.500004,64.73548,5.2354774
59.500004,64.73548,5.2354774
69.16,64.48425,-4.6757507
69.16,64.48425,-4.6757507
67.69,64.5592,-3.130806
67.69,64.5592,-3.130806
65.72,64.04067,-1.6793289
60.9,64.79551,3.8955078
30.59,33.60896,3.018959
59.74,63.7883,4.048298
54.22,65.65975,11.439751
54.22,65.65975,11.439751
68.7,60.58746,-8.112537
68.7,60.58746,-8.112537
64.590004,65.25093,0.6609268
64.590004,65.25093,0.6609268
72.32,65.91952,-6.400482
72.32,65.91952,-6.400482
68.67,65.7736,-2.8964005
68.67,65.7736,-2.8964005
63.43,63.708656,0.278656
63.43,63.708656,0.278656
62.449997,64.41658,1.9665833
62.449997,64.41658,1.9665833
71.79,64.79893,-6.9910736
71.79,64.79893,-6.9910736
40.29,23.9043,-16.3857
40.29,23.9043,-16.3857
68.67,66.19497,-2.475029
68.67,66.19497,-2.475029
62.449997,63.832916,1.3829193
62.449997,63.832916,1.3829193
71.090004,64.18432,-6.9056854
41.98,39.167133,-2.8128662
62.18,66.69122,4.511223
62.18,66.69122,4.511223
59.52,64.225815,4.7058144
61.239998,65.88284,4.642845
50.050003,59.472664,9.422661
50.050003,59.472664,9.422661
72.71,65.82642,-6.8835754
72.71,65.82642,-6.8835754
65.7,65.98831,0.28831482
65.7,65.98831,0.28831482
62.36,64.73186,2.3718567
62.36,64.73186,2.3718567
57.9,63.354134,5.454132
57.9,63.354134,5.454132
38.45,36.430313,-2.0196877
38.45,36.430313,-2.0196877
59.539997,64.31834,4.7783394
66.45,65.78467,-0.665329
65.3,65.173515,-0.12648773
60.219997,66.12482,5.9048195
60.219997,66.12482,5.9048195
58.13,60.73848,2.6084785
58.13,60.73848,2.6084785
67.69,63.57567,-4.114334
67.69,63.57567,-4.114334
63.84,64.35025,0.5102501
63.84,64.35025,0.5102501
54.36,60.698025,6.338024
54.36,60.698025,6.338024
61.0,64.68476,3.684761
61.0,64.68476,3.684761
68.88,65.61829,-3.2617035
64.670006,64.96649,0.2964859
64.670006,64.96649,0.2964859
68.7,66.018364,-2.681633
68.7,66.018364,-2.681633
67.74,65.87925,-1.8607483
67.74,65.87925,-1.8607483
72.579994,64.31965,-8.260345
61.809998,62.024326,0.21432877
61.809998,62.024326,0.21432877
65.67,64.58722,-1.0827789
65.67,64.58722,-1.0827789
67.049995,65.14651,-1.9034882
67.049995,65.14651,-1.9034882
64.07,64.3516,0.28160095
64.07,64.3516,0.28160095
71.33,65.28257,-6.047432
71.33,65.28257,-6.047432
61.46,63.552338,2.0923386
65.51,63.01634,-2.4936638
63.47,64.44224,0.97223663
63.47,64.44224,0.97223663
65.65,58.739426,-6.910576
65.65,58.739426,-6.910576
46.94,64.24403,17.304035
62.879997,65.774765,2.8947678
62.879997,65.774765,2.8947678
64.47,63.12614,-1.3438606
64.47,63.12614,-1.3438606
63.270004,64.74205,1.4720459
60.98,65.93794,4.957943
60.98,65.93794,4.957943
60.98,65.93794,4.957943
60.98,65.93794,4.957943
62.9,62.550354,-0.34964752
59.649998,59.782116,0.13211823
59.649998,59.782116,0.13211823
64.93,65.581055,0.6510544
64.93,65.581055,0.6510544
63.14,62.7356,-0.40439987
65.25,65.74275,0.49275208
65.25,65.74275,0.49275208
67.29,65.25551,-2.0344925
67.92,64.52396,-3.3960419
67.92,64.52396,-3.3960419
60.829998,65.53655,4.7065544
65.11,65.864426,0.75442505
65.11,65.864426,0.75442505
71.46,64.68138,-6.778618
70.090004,65.07766,-5.0123444
65.36,66.56443,1.2044296
65.36,66.56443,1.2044296
70.78,64.714554,-6.065445
70.78,64.714554,-6.065445
65.07,65.06843,-0.0015716553
57.9,64.952866,7.052864
57.9,64.952866,7.052864
61.6,65.10133,3.5013351
61.6,65.10133,3.5013351
69.700005,65.81406,-3.8859482
69.700005,65.81406,-3.8859482
66.24,63.163597,-3.0764008
66.24,63.163597,-3.0764008
69.83,65.05736,-4.772644
62.03,64.40942,2.3794174
62.03,64.40942,2.3794174
62.83,65.315216,2.4852142
62.83,65.315216,2.4852142
62.519997,65.696945,3.1769485
62.519997,65.696945,3.1769485
65.65,65.33744,-0.31256104
69.25,65.28492,-3.9650803
69.25,65.28492,-3.9650803
64.54,64.672005,0.13200378
64.54,64.672005,0.13200378
64.41,65.26932,0.85931396
64.41,65.26932,0.85931396
64.15,65.439125,1.2891235
69.6,65.13793,-4.4620667
69.6,65.13793,-4.4620667
64.54,62.94916,-1.5908394
64.54,62.94916,-1.5908394
63.160004,65.29158,2.1315765
63.160004,65.29158,2.1315765
64.94,64.03524,-0.90476227
63.71,64.45365,0.74365234
63.71,64.45365,0.74365234
56.660004,62.968857,6.308853
56.660004,62.968857,6.308853
63.590004,64.4674,0.87739563
63.590004,64.4674,0.87739563
71.25,64.95203,-6.2979736
65.909996,65.273834,-0.6361618
65.909996,65.273834,-0.6361618
59.500004,64.142845,4.6428413
59.500004,64.142845,4.6428413
69.67,64.84714,-4.8228607
61.6,64.484314,2.8843155
61.6,64.484314,2.8843155
68.11,65.547615,-2.5623856
65.85,64.45488,-1.3951187
70.36,63.468506,-6.8914948
70.36,63.468506,-6.8914948
69.9,65.14179,-4.758209
62.83,65.36624,2.5362396
62.83,65.36624,2.5362396
60.51,64.48773,3.9777336
60.51,64.48773,3.9777336
62.86,64.26417,1.4041672
71.240005,65.880806,-5.3591995
63.550003,64.26175,0.7117462
63.550003,64.26175,0.7117462
63.550003,64.26175,0.7117462
65.45,65.50911,0.05911255
63.43,64.109276,0.6792755
63.43,64.109276,0.6792755
72.659996,65.58883,-7.071167
72.0,65.06795,-6.9320526
69.65,65.83547,-3.8145294
69.65,65.83547,-3.8145294
63.200005,61.734356,-1.4656487
28.69,36.25548,7.565481
28.69,36.25548,7.565481
62.6,62.132496,-0.4675026
72.32,64.92784,-7.3921585
72.32,64.92784,-7.3921585
60.95,64.20086,3.2508583
71.590004,63.157963,-8.432041
71.590004,63.157963,-8.432041
72.159996,66.10124,-6.058754
72.159996,66.10124,-6.058754
71.65,64.978615,-6.6713867
62.300003,63.942326,1.6423225
62.300003,63.942326,1.6423225
61.29,64.63575,3.345749
68.4,65.48655,-2.9134521
67.29,65.84308,-1.4469223
67.29,65.84308,-1.4469223
71.770004,65.125145,-6.6448593
71.770004,65.125145,-6.6448593
68.85,66.114555,-2.735443
68.85,66.114555,-2.735443
64.51,63.641155,-0.8688469
65.42,63.102722,-2.317276
62.18,64.864685,2.6846848
70.61,64.87484,-5.735161
70.61,64.87484,-5.735161
63.739998,65.970955,2.230957
63.739998,65.970955,2.230957
63.739998,65.970955,2.230957
55.43,54.859753,-0.57024765
55.43,54.859753,-0.57024765
63.71,65.88259,2.1725922
63.71,65.88259,2.1725922
65.729996,66.36547,0.63547516
65.729996,66.36547,0.63547516
68.48,64.138504,-4.3414993
68.48,64.138504,-4.3414993
67.13,64.286514,-2.843483
67.13,64.286514,-2.843483
60.01,64.70786,4.6978645
62.019997,61.95795,-0.06204605
62.019997,61.95795,-0.06204605
72.32,65.24601,-7.07399
64.130005,59.872963,-4.257042
64.130005,59.872963,-4.257042
68.93,65.410126,-3.5198746
68.93,65.410126,-3.5198746
67.96,65.94259,-2.0174103
67.96,65.94259,-2.0174103
61.01,65.58243,4.5724297
55.85,65.65193,9.801933
55.85,65.65193,9.801933
65.07,65.73379,0.66378784
56.32,55.70543,-0.6145706
61.97,66.03915,4.069145
65.81,64.16473,-1.6452713
65.81,64.16473,-1.6452713
64.54,64.83058,0.29058075
64.54,64.83058,0.29058075
71.81,65.193504,-6.616493
71.81,65.193504,-6.616493
71.33,65.36643,-5.9635696
71.33,65.36643,-5.9635696
60.98,65.307846,4.3278465
60.98,65.307846,4.3278465
60.98,65.307846,4.3278465
60.98,65.307846,4.3278465
67.13,64.80166,-2.3283386
67.13,64.80166,-2.3283386
63.22,66.230484,3.0104828
63.22,66.230484,3.0104828
63.97,65.19657,1.2265701
63.97,65.19657,1.2265701
61.92,65.62545,3.705452
65.55,64.87474,-0.67526245
65.55,64.87474,-0.67526245
72.71,65.95258,-6.757416
72.71,65.95258,-6.757416
57.46,64.62423,7.1642303
70.420006,64.869675,-5.550331
72.619995,65.22632,-7.3936768
72.619995,65.22632,-7.3936768
72.59,65.467476,-7.1225204
71.28,66.46229,-4.817711
64.69,64.86658,0.1765747
62.72,64.16709,1.4470901
62.72,64.16709,1.4470901
62.949997,65.75176,2.8017654
62.949997,65.75176,2.8017654
67.049995,65.52899,-1.5210037
67.049995,65.52899,-1.5210037
60.579998,65.99944,5.419445
60.579998,65.99944,5.419445
65.729996,64.8412,-0.88879395
65.729996,64.8412,-0.88879395
50.82,61.74404,10.924042
50.82,61.74404,10.924042
58.07,64.489456,6.4194565
67.409996,64.88548,-2.5245132
63.739998,65.549416,1.8094177
63.739998,65.549416,1.8094177
63.739998,65.549416,1.8094177
69.87,65.49262,-4.3773804
69.87,65.49262,-4.3773804
71.590004,65.567375,-6.022629
71.590004,65.567375,-6.022629
70.83,65.06093,-5.7690735
64.14,65.33651,1.1965103
59.81,65.4589,5.648899
59.81,65.4589,5.648899
70.19,65.473076,-4.7169266
70.19,65.473076,-4.7169266
60.43,64.911064,4.481064
65.57,65.409096,-0.16090393
66.28999,64.96005,-1.3299408
66.28999,64.96005,-1.3299408
59.69,64.17673,4.4867287
59.69,64.17673,4.4867287
66.369995,62.35674,-4.013256
66.369995,62.35674,-4.013256
65.25,64.52481,-0.7251892
65.25,64.52481,-0.7251892
72.159996,65.3397,-6.8202972
72.159996,65.3397,-6.8202972
68.67,62.004627,-6.665371
69.44,64.696434,-4.7435684
69.44,64.696434,-4.7435684
63.550003,65.095634,1.5456314
63.550003,65.095634,1.5456314
63.550003,65.095634,1.5456314
70.96,65.777306,-5.1826935
70.96,65.777306,-5.1826935
63.86,65.237335,1.3773346
60.9,65.46445,4.5644455
63.340004,63.433075,0.093070984
64.08,62.7792,-1.3008003
64.08,62.7792,-1.3008003
63.93,65.88348,1.953476
71.72,64.9823,-6.7377014
71.72,64.9823,-6.7377014
67.9,65.66853,-2.2314682
67.9,65.66853,-2.2314682
50.68,62.775932,12.095932
50.68,62.775932,12.095932
71.42,65.69924,-5.7207565
61.629997,65.29667,3.6666718
61.629997,65.29667,3.6666718
69.590004,65.87483,-3.7151718
69.590004,65.87483,-3.7151718
64.380005,63.722897,-0.6571083
64.380005,63.722897,-0.6571083
66.53,65.60066,-0.92933655
66.53,65.60066,-0.92933655
61.809998,64.66453,2.8545303
61.809998,64.66453,2.8545303
66.24,65.70625,-0.5337448
66.24,65.70625,-0.5337448
63.61,64.96173,1.3517303
63.61,64.96173,1.3517303
66.369995,62.32961,-4.040386
66.369995,62.32961,-4.040386
71.96,65.763855,-6.196144
71.96,65.763855,-6.196144
51.6,59.797104,8.197105
62.260002,64.90044,2.6404343
62.260002,64.90044,2.6404343
63.58,66.158714,2.5787125
63.58,66.158714,2.5787125
65.63,65.732605,0.10260773
65.63,65.732605,0.10260773
65.909996,65.17666,-0.7333374
65.909996,65.17666,-0.7333374
70.36,65.179,-5.1809998
70.36,65.179,-5.1809998
68.87,65.02875,-3.8412552
68.87,65.02875,-3.8412552
64.41,64.52258,0.112579346
64.41,64.52258,0.112579346
53.860004,59.589256,5.729252
48.53,50.800602,2.2706032
48.53,50.800602,2.2706032
64.58,64.55293,-0.027069092
64.58,64.55293,-0.027069092
69.16,65.5348,-3.625206
69.16,65.5348,-3.625206
66.28999,64.75409,-1.5359039
66.28999,64.75409,-1.5359039
68.66,64.04239,-4.6176147
68.66,64.04239,-4.6176147
66.64,64.29621,-2.3437881
66.64,64.29621,-2.3437881
67.64,64.474014,-3.165985
67.64,64.474014,-3.165985
55.43,61.577915,6.147915
55.43,61.577915,6.147915
63.7,65.46974,1.769741
63.7,65.46974,1.769741
70.69,66.47423,-4.2157745
70.69,66.47423,-4.2157745
63.370003,62.009655,-1.3603477
63.370003,62.009655,-1.3603477
63.059998,64.86731,1.807312
63.059998,64.86731,1.807312
72.689995,65.348694,-7.341301
72.689995,65.348694,-7.341301
66.36,61.37516,-4.9848404
66.36,61.37516,-4.9848404
69.6,65.10242,-4.4975815
69.6,65.10242,-4.4975815
65.65,60.49149,-5.158512
65.65,60.49149,-5.158512
69.42,65.09139,-4.3286057
61.979996,63.53552,1.5555229
28.69,22.706846,-5.9831543
28.69,22.706846,-5.9831543
61.97,63.678844,1.7088432
61.97,63.678844,1.7088432
61.09,64.93708,3.8470802
61.09,64.93708,3.8470802
61.09,64.93708,3.8470802
72.04,65.336205,-6.7037964
72.04,65.336205,-6.7037964
64.96001,64.004425,-0.95558167
67.74,65.68059,-2.05941
67.74,65.68059,-2.05941
69.520004,65.50249,-4.017517
69.520004,65.50249,-4.017517
65.63,64.67703,-0.9529648
65.63,64.67703,-0.9529648
58.26,65.71141,7.451412
58.26,65.71141,7.451412
64.08,64.35623,0.27622986
64.08,64.35623,0.27622986
23.38,21.386513,-1.9934864
66.64,65.246635,-1.393364
66.64,65.246635,-1.393364
66.799995,65.494514,-1.305481
62.050003,62.55687,0.50686646
62.050003,62.55687,0.50686646
68.79,65.438805,-3.3511963
66.28,65.975174,-0.30482483
64.310005,64.22278,-0.08722687
70.66,61.73765,-8.922352
70.66,61.73765,-8.922352
70.840004,64.68153,-6.15847
70.840004,64.68153,-6.15847
72.99,64.93513,-8.054871
72.99,64.93513,-8.054871
65.55,65.433815,-0.11618805
65.55,65.433815,-0.11618805
60.55,64.461205,3.9112053
60.55,64.461205,3.9112053
67.9,65.16466,-2.735344
67.9,65.16466,-2.735344
61.09,64.81375,3.723751
61.09,64.81375,3.723751
61.09,64.81375,3.723751
70.37,64.749466,-5.620537
70.37,64.749466,-5.620537
62.58,64.949646,2.3696442
68.92,64.828476,-4.091522
70.54,64.72395,-5.8160477
60.48,63.258858,2.7788582
67.64,65.183815,-2.4561844
67.64,65.183815,-2.4561844
54.51,58.198524,3.6885262
54.51,58.198524,3.6885262
66.59,65.56949,-1.0205078
66.59,65.56949,-1.0205078
70.46,66.08968,-4.3703156
59.24,64.083626,4.843624
59.24,64.083626,4.843624
62.339996,61.503338,-0.8366585
62.339996,61.503338,-0.8366585
67.89,63.677174,-4.212826
67.89,63.677174,-4.212826
72.689995,65.37684,-7.313156
72.689995,65.37684,-7.313156
62.089996,64.82175,2.7317505
62.97,66.21365,3.2436523
62.97,66.21365,3.2436523
62.97,66.21365,3.2436523
66.36,64.94366,-1.4163437
66.36,64.94366,-1.4163437
64.8,58.00177,-6.798233
63.440002,64.82068,1.3806763
68.69,65.11866,-3.5713425
45.739998,65.596924,19.856926
70.61,65.15744,-5.4525604
70.61,65.15744,-5.4525604
66.159996,65.58371,-0.5762863
66.159996,65.58371,-0.5762863
69.700005,64.26851,-5.4314957
69.700005,64.26851,-5.4314957
63.7,63.080215,-0.6197853
63.7,63.080215,-0.6197853
65.21,66.39803,1.188034
65.21,66.39803,1.188034
67.89,62.812054,-5.0779457
67.89,62.812054,-5.0779457
63.07,64.61625,1.5462494
63.07,64.61625,1.5462494
59.16,62.32124,3.1612396
61.629997,64.89029,3.260292
61.629997,64.89029,3.260292
63.91,64.16423,0.2542305
63.91,64.16423,0.2542305
43.02,51.161827,8.141827
43.02,51.161827,8.141827
61.43,64.614845,3.184845
68.59,64.852715,-3.7372818
63.410004,64.141136,0.7311325
63.410004,64.141136,0.7311325
60.140003,64.61153,4.4715233
58.420002,64.345634,5.9256325
66.579994,65.06719,-1.5128021
66.579994,65.06719,-1.5128021
50.79,61.071556,10.281555
50.79,61.071556,10.281555
65.82,65.68016,-0.13983917
46.83,52.29783,5.467827
46.83,52.29783,5.467827
67.189995,63.044132,-4.1458626
67.189995,63.044132,-4.1458626
65.88,65.583,-0.29699707
65.88,65.583,-0.29699707
65.61,65.79701,0.18701172
67.84,65.01234,-2.8276596
67.84,65.01234,-2.8276596
61.61,63.267464,1.6574631
61.61,63.267464,1.6574631
61.799995,63.892597,2.0926018
61.799995,63.892597,2.0926018
28.66,27.518219,-1.1417809
56.770004,65.08732,8.317314
54.079998,63.32868,9.24868
67.2,65.16625,-2.0337448
67.2,65.16625,-2.0337448
68.9,65.090195,-3.8098068
68.4,63.952118,-4.4478836
68.4,63.952118,-4.4478836
69.87,65.31944,-4.55056
67.65,64.34462,-3.3053818
59.829998,64.90162,5.071621
62.910004,65.16158,2.2515793
62.809998,65.094505,2.2845078
62.809998,65.094505,2.2845078
65.93,63.858955,-2.071045
65.93,63.858955,-2.071045
56.21,64.96096,8.750961
56.21,64.96096,8.750961
66.59,65.22123,-1.3687668
66.59,65.22123,-1.3687668
65.71,64.677536,-1.0324631
59.249996,62.587746,3.3377495
59.249996,62.587746,3.3377495
10.57,26.504728,15.934729
10.57,26.504728,15.934729
61.5,61.02662,-0.47338104
61.5,61.02662,-0.47338104
60.88,64.507195,3.6271935
65.6,62.938034,-2.6619644
65.6,62.938034,-2.6619644
64.450005,66.44378,1.9937744
64.450005,66.44378,1.9937744
64.71,65.65123,0.9412308
64.71,65.65123,0.9412308
71.86,63.708805,-8.151196
71.86,63.708805,-8.151196
67.51,65.93158,-1.5784225
67.51,65.93158,-1.5784225
68.45,65.916916,-2.533081
68.45,65.916916,-2.533081
68.22,65.59037,-2.629631
68.22,65.59037,-2.629631
66.21,64.59164,-1.6183624
65.21,64.74594,-0.46405792
65.21,64.74594,-0.46405792
72.939995,66.02471,-6.915283
72.939995,66.02471,-6.915283
71.26,62.13225,-9.12775
71.26,62.13225,-9.12775
67.39,64.364815,-3.0251846
67.39,64.364815,-3.0251846
70.22,65.70777,-4.51223
64.840004,65.95781,1.1178055
64.840004,65.95781,1.1178055
52.76,61.822845,9.062847
52.76,61.822845,9.062847
61.799995,61.000053,-0.799942
61.799995,61.000053,-0.799942
64.71,65.65992,0.94992065
64.71,65.65992,0.94992065
63.239998,66.02628,2.7862854
63.239998,66.02628,2.7862854
60.01,63.131176,3.1211777
67.93,65.81249,-2.117508
67.93,65.81249,-2.117508
65.6,64.48741,-1.112587
65.6,64.48741,-1.112587
66.64,62.329323,-4.3106766
66.64,62.329323,-4.3106766
62.589996,65.081726,2.4917297
62.589996,65.081726,2.4917297
61.5,65.16231,3.6623077
61.5,65.16231,3.6623077
67.479996,62.339817,-5.1401787
67.479996,62.339817,-5.1401787
60.02,65.370544,5.350544
65.4,63.934223,-1.4657784
65.4,63.934223,-1.4657784
72.0,65.94314,-6.056862
72.0,65.94314,-6.056862
64.560005,65.43457,0.8745651
66.149994,65.35259,-0.7974014
66.149994,65.35259,-0.7974014
70.240005,65.36791,-4.872093
63.120003,65.02512,1.9051208
61.16,59.054077,-2.1059227
61.16,59.054077,-2.1059227
66.46,62.951374,-3.508625
66.46,62.951374,-3.508625
64.380005,65.7958,1.4157944
65.909996,65.39895,-0.51104736
65.909996,65.39895,-0.51104736
49.59,47.885628,-1.7043724
67.2,65.38567,-1.8143234
67.2,65.38567,-1.8143234
65.5,60.439373,-5.060627
65.5,60.439373,-5.060627
66.79,65.78589,-1.0041122
60.170002,64.711044,4.5410423
60.170002,64.711044,4.5410423
52.219997,63.68193,11.461933
67.79,65.53396,-2.2560425
67.79,65.53396,-2.2560425
64.310005,60.889072,-3.4209328
26.570002,33.35079,6.7807865
26.570002,33.35079,6.7807865
70.72,63.84255,-6.877453
70.72,63.84255,-6.877453
43.77,26.04156,-17.728441
43.77,26.04156,-17.728441
62.43,65.719376,3.2893753
62.43,65.719376,3.2893753
53.530003,65.97572,12.445721
70.23,65.63755,-4.592453
70.23,65.63755,-4.592453
66.189995,65.539894,-0.6501007
66.189995,65.539894,-0.6501007
65.33,65.13121,-0.1987915
66.36,65.49586,-0.8641434
66.36,65.49586,-0.8641434
71.76,65.134056,-6.625946
71.76,65.134056,-6.625946
68.11,65.86623,-2.2437744
68.11,65.86623,-2.2437744
65.32,64.39026,-0.9297409
65.32,64.39026,-0.9297409
70.64,66.12429,-4.515709
70.64,66.12429,-4.515709
60.59,64.8049,4.214901
60.59,64.8049,4.214901
49.01,34.653862,-14.356136
49.01,34.653862,-14.356136
49.01,34.653862,-14.356136
49.01,34.653862,-14.356136
49.01,34.653862,-14.356136
68.64,64.3174,-4.3226013
68.64,64.3174,-4.3226013
56.42,65.17885,8.75885
56.42,65.17885,8.75885
38.420002,53.876144,15.456142
38.420002,53.876144,15.456142
38.420002,53.876144,15.456142
65.380005,65.41304,0.03303528
65.380005,65.41304,0.03303528
69.48,64.21013,-5.2698746
69.48,64.21013,-5.2698746
68.37,63.676994,-4.6930084
68.37,63.676994,-4.6930084
30.98,35.967022,4.9870224
30.98,35.967022,4.9870224
30.98,35.967022,4.9870224
66.369995,66.03654,-0.33345795
66.369995,66.03654,-0.33345795
62.18,65.79496,3.6149597
62.18,65.79496,3.6149597
66.369995,65.49744,-0.8725586
66.369995,65.49744,-0.8725586
60.84,64.38791,3.5479088
60.84,64.38791,3.5479088
68.85,64.35191,-4.498085
68.85,64.35191,-4.498085
62.29,64.532394,2.2423935
63.6,62.96393,-0.63607025
63.6,62.96393,-0.63607025
62.519997,62.138195,-0.3818016
62.519997,62.138195,-0.3818016
63.81,62.92814,-0.88186264
63.81,62.92814,-0.88186264
68.22,65.090324,-3.1296768
68.22,65.090324,-3.1296768
57.480003,64.2785,6.7985
57.480003,64.2785,6.7985
66.509995,65.56496,-0.94503784
65.16,65.55852,0.3985138
62.550003,65.06569,2.515686
62.550003,65.06569,2.515686
66.979996,64.56682,-2.4131775
66.979996,64.56682,-2.4131775
54.71,62.08098,7.3709793
54.71,62.08098,7.3709793
65.76,65.9208,0.16079712
65.76,65.9208,0.16079712
67.45,65.996666,-1.453331
65.66,64.41603,-1.2439728
65.66,64.41603,-1.2439728
44.52,48.06716,3.547161
64.850006,63.67959,-1.1704178
64.850006,63.67959,-1.1704178
10.57,23.459146,12.889147
10.57,23.459146,12.889147
68.42,66.344086,-2.0759125
68.42,66.344086,-2.0759125
69.47,66.183876,-3.2861252
63.660004,64.08297,0.422966
63.660004,64.08297,0.422966
61.11,62.578262,1.4682617
61.11,62.578262,1.4682617
68.56,65.86296,-2.6970367
68.56,65.86296,-2.6970367
52.69,63.84384,11.153843
52.69,63.84384,11.153843
64.920006,65.4614,0.5413971
64.920006,65.4614,0.5413971
35.16,42.790234,7.630234
64.0,65.44167,1.4416733
64.0,65.44167,1.4416733
70.240005,63.607025,-6.6329803
70.240005,63.607025,-6.6329803
63.660004,65.56608,1.9060745
63.660004,65.56608,1.9060745
72.0,65.5982,-6.401802
72.0,65.5982,-6.401802
59.98,61.867893,1.8878937
59.98,61.867893,1.8878937
63.120003,64.33009,1.2100906
63.120003,64.33009,1.2100906
63.65,64.15646,0.5064621
63.65,64.15646,0.5064621
54.71,61.184788,6.4747887
54.71,61.184788,6.4747887
60.34,64.41138,4.071377
60.34,64.41138,4.071377
68.64,65.40631,-3.2336884
68.64,65.40631,-3.2336884
61.589996,64.98157,3.391571
61.589996,64.98157,3.391571
63.620003,65.296814,1.6768112
70.64,63.880104,-6.7598953
70.64,63.880104,-6.7598953
50.43,63.759487,13.329487
50.43,63.759487,13.329487
68.56,65.48172,-3.0782776
68.56,65.48172,-3.0782776
60.84,58.780605,-2.0593948
60.84,58.780605,-2.0593948
71.340004,64.955154,-6.3848495
71.340004,64.955154,-6.3848495
53.969997,64.86541,10.895412
64.630005,65.496666,0.8666611
64.630005,65.496666,0.8666611
60.97,62.82627,1.8562698
61.53,65.07001,3.5400085
69.5,60.844124,-8.655876
69.02,66.04249,-2.9775085
69.02,66.04249,-2.9775085
62.870003,65.11561,2.2456055
57.090004,65.779366,8.689362
57.090004,65.779366,8.689362
63.340004,65.25093,1.9109268
63.340004,65.25093,1.9109268
67.57,66.80253,-0.7674713
67.57,66.80253,-0.7674713
32.170002,26.775084,-5.3949184
66.97,65.58313,-1.3868713
48.37,40.996586,-7.373413
48.37,40.996586,-7.373413
62.61,63.48074,0.870739
31.29,25.744757,-5.545244
31.29,25.744757,-5.545244
64.71,65.07341,0.36341095
64.71,65.07341,0.36341095
59.23,63.996582,4.7665825
28.92,26.91272,-2.0072803
60.95,64.8745,3.9244957
60.95,64.8745,3.9244957
60.110004,64.95681,4.8468056
60.110004,64.95681,4.8468056
62.6,64.053,1.4530029
62.6,64.053,1.4530029
63.7,65.09773,1.3977318
63.7,65.09773,1.3977318
67.84,64.490616,-3.3493805
67.84,64.490616,-3.3493805
62.96,63.271416,0.31141663
62.96,63.271416,0.31141663
63.92,63.16502,-0.7549782
65.909996,64.696266,-1.2137299
64.850006,64.49344,-0.35656738
64.850006,64.49344,-0.35656738
29.609999,27.183693,-2.4263058
29.609999,27.183693,-2.4263058
68.5,64.89365,-3.6063538
68.5,64.89365,-3.6063538
54.78,63.93919,9.159191
57.020004,64.20173,7.1817245
57.020004,64.20173,7.1817245
60.8,66.790565,5.9905663
60.8,66.790565,5.9905663
69.42,65.44895,-3.9710464
66.149994,61.357994,-4.792
66.149994,61.357994,-4.792
63.7,64.25293,0.5529289
63.7,64.25293,0.5529289
67.33,65.26953,-2.0604706
69.81,65.11307,-4.69693
62.89,64.48174,1.5917435
66.88,65.25929,-1.6207047
38.420002,39.94752,1.5275192
38.420002,39.94752,1.5275192
38.420002,39.94752,1.5275192
62.78,62.836422,0.056423187
62.78,62.836422,0.056423187
66.149994,64.85651,-1.2934875
66.149994,64.85651,-1.2934875
64.71,65.21773,0.5077286
64.71,65.21773,0.5077286
57.36,64.34828,6.9882812
57.36,64.34828,6.9882812
64.21,65.869026,1.6590271
64.21,65.869026,1.6590271
63.03,64.53096,1.5009613
63.03,64.53096,1.5009613
70.28,65.92286,-4.3571396
70.28,65.92286,-4.3571396
67.06,65.86992,-1.1900787
68.82,63.533165,-5.2868347
68.82,63.533165,-5.2868347
68.82,63.533165,-5.2868347
63.620003,65.786804,2.1668015
66.64,65.13275,-1.5072479
68.12,63.500412,-4.6195908
68.12,63.500412,-4.6195908
61.129997,64.55,3.4200058
61.129997,64.55,3.4200058
64.12,64.488914,0.36891174
10.09,23.458775,13.368774
10.09,23.458775,13.368774
66.659996,62.092175,-4.5678215
65.15,64.261665,-0.8883362
65.15,64.261665,-0.8883362
66.86,66.23253,-0.6274719
66.86,66.23253,-0.6274719
69.48,64.089264,-5.3907394
50.93,59.591652,8.661652
50.93,59.591652,8.661652
70.44,64.913574,-5.526428
70.44,64.913574,-5.526428
66.08,65.586,-0.4940033
66.08,65.586,-0.4940033
69.6,65.021484,-4.578514
69.6,65.021484,-4.578514
67.29,64.97641,-2.313591
67.29,64.97641,-2.313591
64.630005,64.76579,0.13578796
72.399994,64.65898,-7.7410126
62.980003,57.484783,-5.49522
62.980003,57.484783,-5.49522
43.77,54.46894,10.69894
43.77,54.46894,10.69894
67.79,65.50869,-2.281311
60.09,65.024925,4.934925
60.09,65.024925,4.934925
64.61,63.443695,-1.1663055
64.61,63.443695,-1.1663055
67.909996,65.7112,-2.1987991
67.909996,65.7112,-2.1987991
57.480003,61.89076,4.410755
57.480003,61.89076,4.410755
55.15,62.39462,7.2446175
72.05,64.71817,-7.331833
60.89,63.183983,2.2939835
60.89,63.183983,2.2939835
60.89,63.183983,2.2939835
70.700005,64.44725,-6.252754
70.700005,64.44725,-6.252754
60.7,63.384216,2.6842155
60.7,63.384216,2.6842155
65.94,64.47222,-1.4677811
67.39,65.58406,-1.8059387
67.39,65.58406,-1.8059387
65.21,66.36188,1.1518784
65.21,66.36188,1.1518784
66.24,65.91316,-0.32683563
66.24,65.91316,-0.32683563
63.71,64.475426,0.76542664
62.489998,64.68018,2.1901855
63.510002,65.49235,1.9823456
63.510002,65.49235,1.9823456
65.16,64.05434,-1.1056671
65.16,64.05434,-1.1056671
72.75,65.02104,-7.728958
72.75,65.02104,-7.728958
72.75,65.02104,-7.728958
65.62,65.23469,-0.38531494
72.659996,65.165504,-7.4944916
72.659996,65.165504,-7.4944916
68.47,65.172966,-3.2970352
68.47,65.172966,-3.2970352
66.04,65.12696,-0.91304016
62.089996,65.91213,3.822136
62.089996,65.91213,3.822136
69.6,65.201675,-4.398323
69.6,65.201675,-4.398323
65.32,65.28345,-0.03655243
57.17,65.31784,8.147842
71.74,66.10142,-5.6385803
68.11,66.082695,-2.0273056
68.11,66.082695,-2.0273056
69.72,65.140495,-4.579506
69.72,65.140495,-4.579506
66.56,62.194168,-4.3658295
66.56,62.194168,-4.3658295
55.53,63.97807,8.448071
64.71,64.19794,-0.5120621
64.71,64.19794,-0.5120621
66.299995,64.74074,-1.5592575
62.410004,65.78677,3.37677
62.410004,65.78677,3.37677
71.770004,65.253975,-6.5160294
71.770004,65.253975,-6.5160294
68.9,64.821754,-4.078247
68.9,64.821754,-4.078247
65.64,65.40302,-0.23697662
29.609999,35.676674,6.066675
29.609999,35.676674,6.066675
68.9,65.177246,-3.7227554
68.9,65.177246,-3.7227554
60.65,63.42529,2.7752876
60.65,63.42529,2.7752876
63.559998,65.659454,2.0994568
63.559998,65.659454,2.0994568
72.45,65.58831,-6.8616867
72.45,65.58831,-6.8616867
59.399998,63.900715,4.500717
59.399998,63.900715,4.500717
65.23,64.422295,-0.80770874
65.23,64.422295,-0.80770874
60.75,65.743805,4.993805
60.81,62.484974,1.6749725
60.81,62.484974,1.6749725
68.51,65.17184,-3.3381653
68.51,65.17184,-3.3381653
71.8,65.4403,-6.359703
70.29,65.185074,-5.104927
70.29,65.185074,-5.104927
62.559998,63.611828,1.0518303
67.96,63.829086,-4.130913
30.98,26.596367,-4.3836327
30.98,26.596367,-4.3836327
30.98,26.596367,-4.3836327
51.260002,60.398067,9.138065
70.700005,65.58892,-5.111084
70.700005,65.58892,-5.111084
64.850006,64.73602,-0.113983154
64.850006,64.73602,-0.113983154
64.54,63.987923,-0.55207825
64.54,63.987923,-0.55207825
67.47,64.933426,-2.5365753
65.04,65.462364,0.42236328
65.04,65.462364,0.42236328
59.649998,64.75551,5.1055107
71.86,65.33909,-6.520912
71.86,65.33909,-6.520912
60.110004,66.48426,6.374256
60.110004,66.48426,6.374256
60.65,64.87423,4.224228
56.03,61.84858,5.8185806
56.03,61.84858,5.8185806
70.61,65.47845,-5.1315536
61.54,65.78892,4.2489166
65.39,66.01695,0.6269531
51.64,64.19573,12.555733
62.309998,65.29257,2.9825745
49.01,53.190727,4.180729
49.01,53.190727,4.180729
49.01,53.190727,4.180729
49.01,53.190727,4.180729
49.01,53.190727,4.180729
68.33,64.82344,-3.5065613
66.96,66.017685,-0.94231415
66.96,66.017685,-0.94231415
66.579994,65.06924,-1.5107574
66.579994,65.06924,-1.5107574
64.89,66.03594,1.1459427
64.89,66.03594,1.1459427
68.54,62.596806,-5.9431953
68.54,62.596806,-5.9431953
64.21,66.053185,1.8431854
64.21,66.053185,1.8431854
63.190002,64.80286,1.612854
63.190002,64.80286,1.612854
71.21001,65.42624,-5.7837677
60.89,62.525772,1.6357727
60.89,62.525772,1.6357727
60.89,62.525772,1.6357727
63.559998,65.62923,2.0692291
63.559998,65.62923,2.0692291
55.75,66.22831,10.47831
63.83,63.182728,-0.647274
63.83,63.182728,-0.647274
63.9,65.24199,1.3419876
71.08,64.884254,-6.1957474
71.08,64.884254,-6.1957474
67.479996,62.492607,-4.9873886
67.479996,62.492607,-4.9873886
65.05,64.77883,-0.27117157
65.05,64.77883,-0.27117157
63.480003,65.28727,1.8072662
63.480003,65.28727,1.8072662
57.36,63.70151,6.341511
57.36,63.70151,6.341511
71.85,66.370705,-5.479294
71.85,66.370705,-5.479294
60.079998,64.687675,4.6076775
60.079998,64.687675,4.6076775
19.96,24.006609,4.04661
67.93,65.21613,-2.7138672
67.93,65.21613,-2.7138672
57.42,63.422974,6.0029755
57.42,63.422974,6.0029755
56.699997,61.616604,4.916607
56.699997,61.616604,4.916607
62.449997,64.358505,1.9085083
57.370003,62.821312,5.451309
57.370003,62.821312,5.451309
66.97,66.39484,-0.5751648
66.97,66.39484,-0.5751648
63.380005,65.11376,1.733757
66.479996,62.854023,-3.6259727
62.96,66.35603,3.3960342
62.96,66.35603,3.3960342
65.49,65.514435,0.02443695
65.49,65.514435,0.02443695
67.799995,65.43414,-2.3658524
67.799995,65.43414,-2.3658524
71.26,62.95234,-8.307663
71.26,62.95234,-8.307663
59.98,64.08979,4.109791
59.98,64.08979,4.109791
67.83,65.5442,-2.2858047
66.6,64.85994,-1.7400589
63.08,64.903404,1.8234024
62.78,60.515385,-2.264614
62.78,60.515385,-2.264614
63.65,64.281944,0.63194275
63.65,64.281944,0.63194275
66.259995,65.81324,-0.44675446
66.259995,65.81324,-0.44675446
65.43,65.0284,-0.4016037
66.369995,65.22747,-1.1425247
66.369995,65.22747,-1.1425247
66.149994,62.986668,-3.1633263
66.149994,62.986668,-3.1633263
68.01,64.76494,-3.2450638
68.01,64.76494,-3.2450638
66.56,64.85561,-1.7043839
66.56,64.85561,-1.7043839
60.45,64.33565,3.8856468
60.45,64.33565,3.8856468
69.49,65.488884,-4.001114
69.49,65.488884,-4.001114
71.25,64.602455,-6.647545
71.25,64.602455,-6.647545
65.5,66.131615,0.6316147
65.5,66.131615,0.6316147
62.18,62.260883,0.080883026
62.18,62.260883,0.080883026
65.020004,66.14014,1.1201324
65.020004,66.14014,1.1201324
65.69,65.85033,0.1603241
61.32,64.860085,3.5400848
65.21,64.76525,-0.44474792
65.21,64.76525,-0.44474792
66.84,64.70976,-2.1302338
65.3,60.259163,-5.04084
60.210003,65.33317,5.123165
57.63,64.81775,7.187748
65.93,62.73897,-3.1910286
65.93,62.73897,-3.1910286
64.89,65.46977,0.57977295
64.89,65.46977,0.57977295
61.42,62.079853,0.6598549
61.0,60.90425,-0.0957489
61.0,60.90425,-0.0957489
61.93,61.73259,-0.19741058
65.77,62.702347,-3.0676498
43.02,42.576355,-0.44364548
43.02,42.576355,-0.44364548
70.86,64.26145,-6.598549
70.86,64.26145,-6.598549
52.69,62.162006,9.472008
52.69,62.162006,9.472008
61.21,64.7509,3.5409012
61.21,64.7509,3.5409012
63.059998,64.45769,1.3976898
63.03,64.90426,1.87426
63.03,64.90426,1.87426
66.759995,65.887245,-0.8727493
66.759995,65.887245,-0.8727493
31.29,23.561024,-7.728977
31.29,23.561024,-7.728977
70.39,63.517387,-6.872612
54.78,64.76876,9.988762
54.78,64.76876,9.988762
67.14,64.971504,-2.1684952
61.239998,64.66782,3.427826
25.79,23.348797,-2.441204
25.79,23.348797,-2.441204
68.47,65.86816,-2.6018448
66.619995,65.651924,-0.968071
66.619995,65.651924,-0.968071
68.14,66.17741,-1.9625931
68.14,66.17741,-1.9625931
61.5,65.71335,4.2133484
61.5,65.71335,4.2133484
64.850006,61.77795,-3.0720558
64.850006,61.77795,-3.0720558
62.6,66.85879,4.258789
63.91,63.544815,-0.36518478
63.91,63.544815,-0.36518478
65.060005,65.06132,0.0013122559
48.51,51.306446,2.7964478
48.51,51.306446,2.7964478
67.799995,66.44272,-1.3572769
61.16,62.894527,1.7345276
61.16,62.894527,1.7345276
67.259995,65.29417,-1.965828
57.42,62.722195,5.3021965
57.42,62.722195,5.3021965
63.95,64.67918,0.72917557
64.71,65.10016,0.3901596
64.71,65.10016,0.3901596
67.09,66.02375,-1.066246
67.09,66.02375,-1.066246
63.120003,65.78572,2.665718
63.120003,65.78572,2.665718
69.56,65.48621,-4.073784
69.56,65.48621,-4.073784
62.089996,65.71684,3.6268463
62.089996,65.71684,3.6268463
59.289997,61.790245,2.500248
59.289997,61.790245,2.500248
65.15,62.728752,-2.4212494
65.15,62.728752,-2.4212494
64.0,65.83146,1.831459
64.0,65.83146,1.831459
61.239998,64.83566,3.595665
59.399998,64.21958,4.819584
59.399998,64.21958,4.819584
63.6,62.493145,-1.1068535
63.6,62.493145,-1.1068535
65.05,64.90291,-0.14709473
65.05,64.90291,-0.14709473
64.71,63.405262,-1.3047371
64.71,63.405262,-1.3047371
60.97,65.91953,4.9495316
60.97,65.91953,4.9495316
66.46999,66.15104,-0.31895447
66.46999,66.15104,-0.31895447
64.87,65.526855,0.6568527
65.44,65.44642,0.006416321
47.31,55.797184,8.487183
70.51,63.257313,-7.2526894
70.51,63.257313,-7.2526894
62.53,65.3838,2.853798
72.33,63.409603,-8.920399
72.33,63.409603,-8.920399
64.05,64.21094,0.16093445
67.57,62.964046,-4.605953
67.57,62.964046,-4.605953
63.83,64.94687,1.1168671
63.83,64.94687,1.1168671
59.23,64.98758,5.75758
59.23,64.98758,5.75758
60.399998,64.91753,4.5175285
67.25,63.946342,-3.3036575
60.89,62.254723,1.3647232
60.89,62.254723,1.3647232
60.89,62.254723,1.3647232
48.48,60.3137,11.833702
68.86,65.64875,-3.2112503
56.21,62.923992,6.713993
56.21,62.923992,6.713993
59.23,62.118195,2.888195
59.23,62.118195,2.888195
64.26,64.9388,0.67879486
64.26,64.9388,0.67879486
68.39,65.34121,-3.04879
57.86,63.231564,5.371563
57.86,63.231564,5.371563
61.21,66.18889,4.9788895
61.21,66.18889,4.9788895
57.53,64.41829,6.8882904
57.53,64.41829,6.8882904
65.49,62.253685,-3.2363129
65.49,62.253685,-3.2363129
72.45,64.81084,-7.63916
72.45,64.81084,-7.63916
71.19,65.72472,-5.4652863
71.19,65.72472,-5.4652863
66.9,65.6332,-1.2667999
22.470001,23.418003,0.94800186
63.660004,63.833435,0.1734314
63.660004,63.833435,0.1734314
68.9,65.57252,-3.3274841
68.9,65.57252,-3.3274841
63.36,65.60182,2.2418213
72.27,65.93347,-6.336525
72.27,65.93347,-6.336525
70.560005,64.86149,-5.698517
50.43,57.647587,7.2175865
50.43,57.647587,7.2175865
70.28,64.27859,-6.0014114
70.28,64.27859,-6.0014114
60.390003,66.20068,5.8106804
49.01,58.653347,9.643349
49.01,58.653347,9.643349
49.01,58.653347,9.643349
49.01,58.653347,9.643349
49.01,58.653347,9.643349
46.83,34.23364,-12.596363
46.83,34.23364,-12.596363
57.77,64.352036,6.582035
68.14,65.49377,-2.6462326
68.14,65.49377,-2.6462326
68.82,65.01504,-3.8049622
68.82,65.01504,-3.8049622
68.82,65.01504,-3.8049622
69.8,64.857056,-4.9429474
69.8,64.857056,-4.9429474
67.229996,64.94058,-2.2894135
70.73,64.379166,-6.3508377
70.73,64.379166,-6.3508377
70.26,65.894875,-4.3651276
60.74,65.0746,4.3345985
68.85,63.490784,-5.359215
68.85,63.490784,-5.359215
68.06,64.40223,-3.6577682
67.09,64.12215,-2.9678497
67.09,64.12215,-2.9678497
46.66,44.499672,-2.160328
46.66,44.499672,-2.160328
61.97,65.95917,3.9891663
61.97,65.95917,3.9891663
61.839996,66.28047,4.4404755
61.839996,66.28047,4.4404755
56.58,65.89962,9.319618
56.58,65.89962,9.319618
60.26,63.25881,2.9988098
67.34,64.59406,-2.7459335
67.34,64.59406,-2.7459335
63.690002,63.94824,0.25823593
67.049995,64.00868,-3.0413132
67.049995,64.00868,-3.0413132
63.0,65.363304,2.3633041
63.0,65.363304,2.3633041
60.079998,65.25711,5.1771126
60.079998,65.25711,5.1771126
56.58,62.114464,5.534462
56.58,62.114464,5.534462
66.24,63.34712,-2.8928795
66.24,63.34712,-2.8928795
59.179996,61.797504,2.617508
72.259995,64.85615,-7.4038467
72.259995,64.85615,-7.4038467
63.489998,63.83041,0.34041214
59.26,65.51899,6.2589912
59.26,65.51899,6.2589912
59.26,65.51899,6.2589912
61.09,64.50705,3.4170494
61.09,64.50705,3.4170494
67.79,66.05487,-1.7351303
67.79,66.05487,-1.7351303
53.920002,60.064636,6.1446342
72.21,65.43247,-6.777527
57.020004,62.94276,5.922756
57.020004,62.94276,5.922756
71.67,65.29936,-6.370636
66.649994,65.79873,-0.85126495
66.649994,65.79873,-0.85126495
70.44,64.52318,-5.9168243
70.44,64.52318,-5.9168243
61.339996,65.05882,3.7188263
61.339996,65.05882,3.7188263
10.09,28.149492,18.059492
10.09,28.149492,18.059492
70.72,63.850605,-6.869396
70.72,63.850605,-6.869396
68.51,65.73986,-2.7701416
68.51,65.73986,-2.7701416
57.86,63.341248,5.481247
57.86,63.341248,5.481247
60.2,65.884895,5.6848946
56.03,63.488132,7.4581337
56.03,63.488132,7.4581337
66.759995,65.13191,-1.6280823
66.759995,65.13191,-1.6280823
64.560005,61.74677,-2.8132362
60.829998,64.06895,3.2389488
61.0,65.698715,4.698715
61.0,65.698715,4.698715
69.55,65.3841,-4.165901
69.55,65.3841,-4.165901
67.51,65.75528,-1.7547226
67.51,65.75528,-1.7547226
60.170002,65.75237,5.5823708
60.170002,65.75237,5.5823708
66.08,63.12955,-2.950451
69.8,65.3146,-4.485405
69.8,65.3146,-4.485405
71.84,62.92593,-8.914066
71.84,62.92593,-8.914066
65.32,64.865654,-0.4543457
65.32,64.865654,-0.4543457
64.54,62.78137,-1.7586327
64.54,62.78137,-1.7586327
61.729996,60.799248,-0.930748
54.87,61.653454,6.783455
61.199997,64.61769,3.417694
61.199997,64.61769,3.417694
68.5,65.47833,-3.0216675
61.61,63.723747,2.1137466
61.61,63.723747,2.1137466
66.64,65.95451,-0.68548584
66.64,65.95451,-0.68548584
69.86,64.54003,-5.319969
72.0,66.29443,-5.7055664
72.0,66.29443,-5.7055664
65.23,63.325657,-1.9043465
65.23,63.325657,-1.9043465
58.429996,62.030643,3.600647
58.429996,62.030643,3.600647
67.049995,65.34208,-1.7079163
67.049995,65.34208,-1.7079163
67.18,64.5626,-2.6174011
65.04,64.94784,-0.092163086
65.04,64.94784,-0.092163086
57.66,64.64139,6.981388
59.289997,63.17932,3.8893242
59.289997,63.17932,3.8893242
26.570002,24.735739,-1.8342628
26.570002,24.735739,-1.8342628
70.14,65.8765,-4.2634964
70.14,65.8765,-4.2634964
62.32,64.71856,2.3985596
61.589996,64.038795,2.4487991
61.589996,64.038795,2.4487991
72.47,64.659676,-7.8103256
67.93,65.19142,-2.7385788
67.93,65.19142,-2.7385788
61.5,65.439186,3.939186
61.5,65.439186,3.939186
67.56,65.326004,-2.2339935
67.56,65.326004,-2.2339935
72.939995,65.603264,-7.336731
72.939995,65.603264,-7.336731
61.549995,61.915207,0.3652115
61.549995,61.915207,0.3652115
66.28999,64.4387,-1.8512955
36.34,23.504045,-12.835955
36.34,23.504045,-12.835955
68.08,65.037735,-3.0422668
63.08,64.28988,1.209877
63.480003,65.91166,2.431656
63.480003,65.91166,2.431656
70.51,64.56753,-5.9424744
70.51,64.56753,-5.9424744
60.460003,64.32148,3.861477
60.460003,64.32148,3.861477
67.34,65.1207,-2.2192993
12.2,29.350435,17.150436
12.2,29.350435,17.150436
66.14,65.45631,-0.68369293
67.93,64.330635,-3.5993652
67.93,64.330635,-3.5993652
59.570004,64.915054,5.345051
59.570004,64.915054,5.345051
69.56,65.50049,-4.0595093
60.45,65.090004,4.640003
60.45,65.090004,4.640003
68.51,65.695114,-2.814888
63.510002,64.62474,1.1147385
63.510002,64.62474,1.1147385
68.57,64.31848,-4.2515182
68.57,64.31848,-4.2515182
63.47,61.71488,-1.7551193
63.47,61.71488,-1.7551193
30.98,24.096281,-6.8837185
30.98,24.096281,-6.8837185
30.98,24.096281,-6.8837185
66.56,64.274506,-2.285492
66.56,64.274506,-2.285492
66.24,64.15887,-2.081131
66.24,64.15887,-2.081131
60.79,64.26585,3.4758453
60.460003,63.56842,3.1084175
60.460003,63.56842,3.1084175
63.99,65.250984,1.2609825
63.99,65.250984,1.2609825
59.539997,63.54872,4.008724
66.56,65.74496,-0.8150406
66.56,65.74496,-0.8150406
67.189995,64.47621,-2.7137833
67.189995,64.47621,-2.7137833
65.39,64.11039,-1.2796097
65.39,64.11039,-1.2796097
64.97,65.670105,0.70010376
67.29,65.21676,-2.0732422
67.29,65.21676,-2.0732422
72.33,63.971817,-8.358185
72.33,63.971817,-8.358185
64.32,65.231834,0.9118347
64.32,65.231834,0.9118347
67.799995,65.26672,-2.5332718
67.799995,65.26672,-2.5332718
71.84,64.6581,-7.1819
71.84,64.6581,-7.1819
66.979996,64.83317,-2.1468277
66.979996,64.83317,-2.1468277
62.1,65.69718,3.5971832
62.980003,64.17933,1.1993256
62.980003,64.17933,1.1993256
63.39,64.06777,0.6777725
65.9,65.473885,-0.42611694
65.9,65.473885,-0.42611694
62.6,64.89131,2.2913132
62.6,64.89131,2.2913132
38.420002,42.33866,3.9186592
38.420002,42.33866,3.9186592
38.420002,42.33866,3.9186592
72.71999,64.38004,-8.339951
72.71999,64.38004,-8.339951
71.770004,65.2852,-6.4848022
71.770004,65.2852,-6.4848022
63.47,64.9047,1.4347
63.47,64.9047,1.4347
59.13,64.04985,4.9198494
62.43,63.592957,1.1629562
62.43,63.592957,1.1629562
69.2,64.52155,-4.678444
69.2,64.52155,-4.678444
60.55,65.7498,5.1998024
62.36,65.191734,2.8317337
62.36,65.191734,2.8317337
60.7,64.260544,3.560543
60.7,64.260544,3.560543
65.020004,65.88349,0.86348724
65.020004,65.88349,0.86348724
67.159996,63.71227,-3.4477272
56.770004,65.77422,9.004219
65.32,64.97147,-0.348526
67.619995,65.31761,-2.3023834
62.25,64.33669,2.0866928
62.25,64.33669,2.0866928
66.08,65.43501,-0.644989
66.08,65.43501,-0.644989
63.72,64.120605,0.40060425
71.22,65.93678,-5.2832184
72.659996,65.11349,-7.546509
72.659996,65.11349,-7.546509
63.83,62.03559,-1.7944107
63.83,62.03559,-1.7944107
62.550003,64.47253,1.9225235
62.550003,64.47253,1.9225235
49.73,65.31917,15.589169
49.73,65.31917,15.589169
54.22,64.1514,9.9313965
54.22,64.1514,9.9313965
60.95,64.879486,3.9294853
60.95,64.879486,3.9294853
60.56,64.27728,3.7172813
60.56,64.27728,3.7172813
36.34,31.582436,-4.7575645
36.34,31.582436,-4.7575645
12.2,29.992685,17.792686
12.2,29.992685,17.792686
67.43,62.461735,-4.9682655
67.43,62.461735,-4.9682655
62.760002,62.098877,-0.6611252
62.760002,62.098877,-0.6611252
70.86,64.56935,-6.2906494
70.86,64.56935,-6.2906494
63.46,65.24305,1.7830505
66.88,65.807144,-1.0728531
45.09,44.5377,-0.5522995
69.450005,64.45593,-4.994072
69.450005,64.45593,-4.994072
63.99,65.2593,1.2692986
63.99,65.2593,1.2692986
68.57,58.675713,-9.894287
68.57,63.391144,-5.178856
68.57,63.391144,-5.178856
70.11,65.82006,-4.28994
61.549995,65.87613,4.3261337
61.549995,65.87613,4.3261337
72.71999,65.59115,-7.128845
72.71999,65.59115,-7.128845
62.519997,64.95303,2.4330368
62.519997,64.95303,2.4330368
67.67,65.66167,-2.0083313
69.5,66.15448,-3.34552
38.11,32.022827,-6.0871735
63.96,63.69538,-0.26461792
64.840004,65.569916,0.7299118
64.840004,65.569916,0.7299118
63.480003,64.67035,1.1903458
26.13,30.335617,4.205618
26.13,30.335617,4.205618
57.58,65.95414,8.374138
61.339996,64.09959,2.7595901
61.339996,64.09959,2.7595901
63.340004,64.107086,0.7670822
63.340004,64.107086,0.7670822
63.410004,64.83345,1.4234467
63.410004,64.83345,1.4234467
66.36,63.91278,-2.4472198
62.699997,65.324265,2.6242676
62.699997,65.324265,2.6242676
66.95,63.76328,-3.186718
66.95,63.76328,-3.186718
66.95,64.57142,-2.3785782
66.95,64.57142,-2.3785782
71.340004,63.43355,-7.906452
71.340004,63.43355,-7.906452
66.97,65.19287,-1.7771301
66.97,65.19287,-1.7771301
65.71,65.32801,-0.38198853
62.96,64.78229,1.8222885
67.2,65.68028,-1.5197144
67.2,65.68028,-1.5197144
69.630005,63.21676,-6.413246
61.65,66.34281,4.69281
71.78,63.346134,-8.433865
64.450005,64.88441,0.43440247
64.450005,64.88441,0.43440247
64.32,65.426865,1.1068649
64.32,65.426865,1.1068649
59.26,65.45114,6.191143
59.26,65.45114,6.191143
59.26,65.45114,6.191143
68.85,65.29756,-3.5524368
68.85,65.29756,-3.5524368
71.3,64.47711,-6.822891
71.3,64.47711,-6.822891
60.36,63.157135,2.7971344
65.76,65.75604,-0.0039596558
65.76,65.75604,-0.0039596558
62.300003,64.1449,1.8448944
63.0,65.17971,2.1797104
63.0,65.17971,2.1797104
65.76,64.63105,-1.128952
65.76,64.63105,-1.128952
65.82,65.94814,0.12814331
39.16,34.422863,-4.737137
68.37,65.237946,-3.1320572
68.37,65.237946,-3.1320572
67.2,66.26892,-0.93107605
67.2,66.26892,-0.93107605
72.439995,65.769875,-6.6701202
72.439995,65.769875,-6.6701202
62.36,63.94448,1.5844803
62.36,63.94448,1.5844803
69.590004,64.24619,-5.343811
71.3,62.21324,-9.086761
71.3,62.21324,-9.086761
71.85,65.423256,-6.4267426
71.85,65.423256,-6.4267426
67.42,64.53485,-2.885147
72.75,66.23783,-6.512169
72.75,66.23783,-6.512169
72.75,66.23783,-6.512169
67.67,64.04017,-3.6298294
63.660004,64.361046,0.7010422
63.660004,64.361046,0.7010422
65.81,64.57456,-1.2354355
68.5,65.78554,-2.7144623
54.78,60.393036,5.613037
54.78,60.393036,5.613037
69.8,64.18301,-5.616997
69.8,64.18301,-5.616997
66.189995,64.96258,-1.227417
66.189995,64.96258,-1.227417
66.729996,65.51849,-1.2115021
66.729996,65.51849,-1.2115021
65.66,62.275272,-3.3847313
65.66,62.275272,-3.3847313
70.420006,66.413536,-4.0064697
60.65,65.28064,4.630638
60.65,65.28064,4.630638
62.410004,65.79352,3.3835144
62.410004,65.79352,3.3835144
62.800003,65.322205,2.5222015
65.380005,65.8985,0.51849365
65.380005,65.8985,0.51849365
60.09,65.72479,5.6347923
60.09,65.72479,5.6347923
60.89,63.888817,2.9988174
60.89,63.888817,2.9988174
64.740005,62.389545,-2.35046
57.86,66.17221,8.31221
61.07,63.72425,2.654251
65.39,64.319,-1.0709991
65.39,64.319,-1.0709991
68.47,64.08181,-4.388191
68.47,64.08181,-4.388191
63.78,66.62934,2.8493423
50.93,61.05814,10.1281395
50.93,61.05814,10.1281395
69.97,65.51373,-4.4562683
66.369995,65.33751,-1.032486
66.369995,65.33751,-1.032486
72.75,65.49447,-7.2555313
72.75,65.49447,-7.2555313
72.75,65.49447,-7.2555313
68.44,65.0798,-3.360199
59.350002,62.003613,2.6536102
52.280003,64.79672,12.51672
52.280003,64.79672,12.51672
60.34,63.629288,3.2892876
60.34,63.629288,3.2892876
68.4,65.701965,-2.6980362
68.4,65.701965,-2.6980362
66.59,65.37756,-1.2124329
66.59,65.37756,-1.2124329
58.46,61.734676,3.2746773
68.88,64.30095,-4.579048
46.66,41.714912,-4.9450874
46.66,41.714912,-4.9450874
68.229996,64.58408,-3.6459122
61.11,64.360794,3.2507935
61.11,64.360794,3.2507935
65.95,64.42677,-1.5232239
66.46999,65.83487,-0.6351242
66.46999,65.83487,-0.6351242
68.42,65.34183,-3.0781708
68.42,65.34183,-3.0781708
69.99,65.6658,-4.324196
67.29,64.42359,-2.8664093
71.19,64.19387,-6.996132
71.19,64.19387,-6.996132
66.24,65.78274,-0.45726013
66.24,65.78274,-0.45726013
39.82,44.62074,4.8007393
65.9,65.46853,-0.43147278
65.9,65.46853,-0.43147278
71.76,65.520004,-6.239998
71.76,65.520004,-6.239998
61.3,65.04792,3.747921
65.4,65.1294,-0.27059937
65.4,65.1294,-0.27059937
58.429996,63.403618,4.9736214
58.429996,63.403618,4.9736214
60.420002,64.862755,4.442753
62.809998,64.77588,1.9658813
62.809998,64.77588,1.9658813
72.27,65.806564,-6.4634323
72.27,65.806564,-6.4634323
69.02,64.99226,-4.027733
69.02,64.99226,-4.027733
63.090004,64.93612,1.8461151
68.45,65.236435,-3.213562
68.45,65.236435,-3.213562
68.82,65.52083,-3.2991714
68.82,65.52083,-3.2991714
68.82,65.52083,-3.2991714
67.35,65.842674,-1.5073242
49.73,42.30533,-7.424671
49.73,42.30533,-7.424671
69.450005,60.746895,-8.70311
69.450005,60.746895,-8.70311
63.78,65.39311,1.6131134
69.55,62.966568,-6.583435
69.55,62.966568,-6.583435
66.17,64.33164,-1.838356
66.17,64.33164,-1.838356
72.06,64.47148,-7.588516
65.909996,65.25537,-0.65462494
65.909996,65.25537,-0.65462494
63.53,65.51117,1.9811707
57.090004,62.26847,5.178467
57.090004,62.26847,5.178467
21.16,26.268915,5.1089153
69.8,65.717735,-4.0822678
69.8,65.717735,-4.0822678
67.479996,65.74453,-1.735466
62.910004,65.15652,2.2465134
67.94,63.748146,-4.1918564
64.61,64.73528,0.12528229
64.61,64.73528,0.12528229
49.829998,46.29684,-3.5331573
49.829998,46.29684,-3.5331573
69.54,65.10046,-4.4395447
68.4,66.4422,-1.9578018
66.82,64.05992,-2.7600784
66.82,64.05992,-2.7600784
56.17,64.6154,8.445404
56.17,64.6154,8.445404
68.54,64.603874,-3.9361267
68.54,64.603874,-3.9361267
64.990005,65.085495,0.0954895
64.990005,65.085495,0.0954895
68.01,64.67888,-3.3311234
68.01,64.67888,-3.3311234
64.22,64.529945,0.30994415
60.85,65.31946,4.4694595
60.85,65.31946,4.4694595
63.190002,62.796913,-0.3930893
63.190002,62.796913,-0.3930893
62.699997,66.562065,3.8620682
62.699997,66.562065,3.8620682
68.12,65.66027,-2.459732
68.12,65.66027,-2.459732
62.730003,65.931145,3.2011414
66.369995,65.284355,-1.08564
66.369995,65.284355,-1.08564
65.56,63.500828,-2.0591698
68.409996,65.12897,-3.2810287
68.409996,65.12897,-3.2810287
54.34,64.4076,10.0676
52.280003,65.029434,12.749432
52.280003,65.029434,12.749432
62.760002,65.28294,2.5229416
62.760002,65.28294,2.5229416
71.08,64.61145,-6.4685516
71.08,64.61145,-6.4685516
68.94,64.6246,-4.315399
68.94,64.6246,-4.315399
66.46,65.70143,-0.7585678
69.72,64.790764,-4.9292374
69.72,64.790764,-4.9292374
69.49,66.43161,-3.0583878
69.49,66.43161,-3.0583878
70.29,65.44524,-4.8447647
70.29,65.44524,-4.8447647
61.09,64.01061,2.9206123
61.09,64.01061,2.9206123
65.4,65.86281,0.4628067
61.46,65.59327,4.1332703
62.809998,65.66337,2.8533707
62.809998,65.66337,2.8533707
59.570004,63.45202,3.8820152
59.570004,63.45202,3.8820152
67.45,64.95191,-2.498085
59.26,65.69294,6.4329414
59.26,65.69294,6.4329414
59.26,65.69294,6.4329414
68.94,63.97577,-4.9642334
68.94,63.97577,-4.9642334
60.8,64.75686,3.9568596
60.8,64.75686,3.9568596
61.129997,62.475193,1.3451958
61.129997,62.475193,1.3451958
65.16,65.043594,-0.1164093
65.16,65.043594,-0.1164093
55.12,60.917576,5.797577
66.259995,65.03351,-1.2264862
66.259995,65.03351,-1.2264862
57.4,65.3205,7.9205017
65.88,64.338684,-1.5413132
65.88,64.338684,-1.5413132
60.81,63.777836,2.9678345
60.81,63.777836,2.9678345
72.259995,64.47634,-7.7836533
72.259995,64.47634,-7.7836533
67.75,64.552956,-3.1970444
64.990005,65.25475,0.26474762
64.990005,65.25475,0.26474762
61.65,65.27304,3.6230392
56.42,64.9575,8.537498
56.42,64.9575,8.537498
72.439995,66.677895,-5.7621
72.439995,66.677895,-5.7621
64.920006,61.63565,-3.2843552
64.920006,61.63565,-3.2843552
61.5,65.08853,3.5885315
69.97,64.87137,-5.098633
61.839996,63.874,2.0340042
61.839996,63.874,2.0340042
57.489998,65.26161,7.771614
57.489998,65.26161,7.771614
66.86,65.53452,-1.3254776
66.86,65.53452,-1.3254776
71.25,64.510155,-6.7398453
71.25,64.510155,-6.7398453
69.56,65.721306,-3.8386917
69.56,65.721306,-3.8386917
66.6,63.7272,-2.872799
60.76,64.081215,3.3212166
66.5,65.745155,-0.75484467
66.5,65.745155,-0.75484467
26.13,39.354748,13.224749
26.13,39.354748,13.224749
61.3,64.93611,3.6361122
61.3,64.93611,3.6361122
72.27,64.742,-7.528
59.420002,65.94414,6.5241356
59.420002,65.94414,6.5241356
70.240005,64.07318,-6.1668243
70.240005,64.07318,-6.1668243
63.83,64.16445,0.33444977
67.34,64.81981,-2.5201874
67.34,64.81981,-2.5201874
57.370003,64.2928,6.922798
57.370003,64.2928,6.922798
68.59,64.448296,-4.1417007
48.51,43.32232,-5.1876793
48.51,43.32232,-5.1876793
72.02,65.494156,-6.5258408
48.37,64.56261,16.192608
48.37,64.56261,16.192608
62.809998,65.28077,2.4707718
62.809998,65.28077,2.4707718
66.46,63.962196,-2.4978027
66.46,63.962196,-2.4978027
65.76,64.29602,-1.4639816
65.76,64.29602,-1.4639816
68.409996,65.02716,-3.3828354
68.409996,65.02716,-3.3828354
60.93,65.27658,4.3465805
63.81,64.34566,0.535656
63.81,64.34566,0.535656
60.600002,61.951702,1.3516998
60.600002,61.951702,1.3516998
49.01,56.699257,7.6892586
49.01,56.699257,7.6892586
49.01,56.699257,7.6892586
49.01,56.699257,7.6892586
49.01,56.699257,7.6892586
64.29,64.951035,0.66103363
25.79,23.461626,-2.3283749
25.79,23.461626,-2.3283749
49.829998,54.768898,4.9389
49.829998,54.768898,4.9389
65.21,65.7323,0.5223007
65.21,65.7323,0.5223007
64.26,65.40564,1.1456375
64.26,65.40564,1.1456375
61.839996,65.5846,3.744606
67.909996,64.70391,-3.2060852
67.909996,64.70391,-3.2060852
64.71,61.038273,-3.6717262
64.71,61.038273,-3.6717262
68.67,65.436516,-3.2334824
64.86,60.078358,-4.781643
68.9,64.66186,-4.238144
68.9,64.66186,-4.238144
66.82,65.25264,-1.5673599
66.82,65.25264,-1.5673599
66.36,65.81607,-0.54393005
66.36,65.81607,-0.54393005
55.92,61.716675,5.7966766
52.76,60.62137,7.86137
52.76,60.62137,7.86137
67.43,64.3607,-3.0692978
67.43,64.3607,-3.0692978
68.06,64.619095,-3.4409027
65.51,65.04377,-0.4662323
63.239998,66.134674,2.8946762
63.239998,66.134674,2.8946762
66.649994,62.11555,-4.534443
66.649994,62.11555,-4.534443
65.42,65.14503,-0.274971
64.630005,64.085014,-0.54499054
64.630005,64.085014,-0.54499054
65.130005,65.239494,0.10948944
72.17,63.615673,-8.554325
71.76,62.825382,-8.93462
59.420002,57.96656,-1.4534416
59.420002,57.96656,-1.4534416
66.369995,63.695705,-2.6742897
66.369995,63.695705,-2.6742897
68.4,65.02651,-3.3734894
59.249996,61.66488,2.4148827
59.249996,61.66488,2.4148827
57.11,59.153385,2.0433846
57.11,59.153385,2.0433846
60.59,64.036354,3.446354
60.59,64.036354,3.446354
60.600002,63.88875,3.2887459
60.600002,63.88875,3.2887459
68.5,65.60085,-2.899147
68.5,65.60085,-2.899147
60.97,65.20204,4.2320404
60.97,65.20204,4.2320404
66.399994,64.31558,-2.0844116
60.56,63.024426,2.4644241
60.56,63.024426,2.4644241
59.539997,64.44213,4.902134
62.25,64.807495,2.557495
62.25,64.807495,2.557495
64.340004,63.091015,-1.2489891
66.96,64.90404,-2.0559616
66.96,64.90404,-2.0559616
54.22,62.74786,8.527859
54.22,62.74786,8.527859
72.85,64.70113,-8.148865
61.97,65.04615,3.076149
61.97,65.04615,3.076149
60.51,61.645782,1.1357841
69.2,65.12348,-4.076515
69.2,65.12348,-4.076515
65.89,65.26739,-0.622612
72.38,64.422615,-7.957382
60.85,62.175144,1.3251457
60.85,62.175144,1.3251457
68.85,63.742302,-5.1076965
68.85,63.742302,-5.1076965
67.56,65.312485,-2.2475128
67.56,65.312485,-2.2475128
66.729996,66.107475,-0.62252045
66.729996,66.107475,-0.62252045
68.95,63.821262,-5.1287346
65.57,64.035645,-1.5343552
61.339996,65.909225,4.569229
72.0,65.75126,-6.248741
72.0,65.75126,-6.248741
56.699997,65.73579,9.0357895
56.699997,65.73579,9.0357895
62.190002,63.936817,1.7468147
50.79,62.447594,11.657593
50.79,62.447594,11.657593
66.5,64.85563,-1.644371
66.5,64.85563,-1.644371
70.62,65.53711,-5.0828934
57.53,64.12227,6.59227
57.53,64.12227,6.59227
57.07,66.13842,9.06842
59.26,65.70687,6.4468727
65.12,64.44098,-0.67902374
61.3,64.956184,3.6561852
61.3,64.956184,3.6561852
61.199997,63.964695,2.764698
61.199997,63.964695,2.764698
57.489998,64.93507,7.4450684
57.489998,64.93507,7.4450684
60.89,63.08382,2.193821
60.89,63.08382,2.193821
66.189995,65.39458,-0.7954178
69.66,64.38544,-5.2745667
69.48,65.07397,-4.4060364
69.48,65.07397,-4.4060364
57.11,61.635143,4.5251427
57.11,61.635143,4.5251427
48.61,53.04679,4.4367905
66.619995,65.24208,-1.3779144
66.619995,65.24208,-1.3779144
69.85,65.13795,-4.7120514
63.83,63.794117,-0.035884857
63.83,63.794117,-0.035884857
68.35,65.22563,-3.1243668
20.47,32.877193,12.407194
70.14,64.595726,-5.5442734
70.14,64.595726,-5.5442734
70.23,64.82852,-5.4014816
70.23,64.82852,-5.4014816
49.01,51.812233,2.8022346
49.01,51.812233,2.8022346
49.01,51.812233,2.8022346
49.01,51.812233,2.8022346
49.01,51.812233,2.8022346
56.17,64.38064,8.21064
56.17,64.38064,8.21064
66.17,65.87776,-0.29223633
66.17,65.87776,-0.29223633
70.73,64.31996,-6.410042
70.73,64.31996,-6.410042
62.589996,64.43333,1.8433304
62.589996,64.43338,1.8433838
